player_id,nickname,country,position,faceit_elo,game_skill_level,lifetime_matches,lifetime_win_rate_percent,lifetime_kd_ratio,lifetime_headshots_percent
71ea9955-8400-4553-87a5-4c325923d21f,saadzin_,br,1,3624,10,3165,64,1.61,43
1a4bfb44-0ab1-40f3-9150-688b04cfe158,history-,br,2,3609,10,3758,61,1.52,43
d91df2de-ba34-49fe-b47a-ca8f98e39ea3,t9rnay,br,3,3530,10,3625,61,1.35,58
a66cccad-09ee-4222-bb11-b3720e4a7607,kauez_,br,4,3496,10,3896,62,1.36,63
dd8b2125-7753-464f-8445-1ade23d31f55,Nk_,gb,5,3400,10,3496,53,1.25,55
093d9086-3581-4500-8f69-20a7839f8fe1,chayJESUS,br,6,3371,10,2055,62,1.45,52
8d9014b1-49d3-4307-b400-62c13583ec75,gtw,br,7,3363,10,2488,62,1.33,60
045f9998-20dd-419f-9d23-3af2c5bed357,Misfit,br,8,3352,10,3665,63,1.69,41
1fb315a1-aaf0-4d31-9f24-cdd6afe6e657,b4rtiN,br,9,3351,10,2354,61,1.5,56
0c715f3d-bd25-4e2a-af9d-2477f0ec3aa4,latto,br,10,3338,10,1479,68,1.54,53
bfcaafc0-e907-4cde-a56c-6d932444299b,matios,br,11,3329,10,1993,58,1.25,58
175b1046-459e-4f82-bfa8-262b9527e64d,t9mpest,br,12,3323,10,4969,63,1.24,50
a5fa9e4c-0beb-4b4b-94bf-fbda21fe9fe4,gbb-,br,13,3319,10,2974,70,1.35,52
1830d4f8-a243-47d8-b8b8-943f7170b163,7ry,ar,14,3311,10,1801,60,1.56,47
39d9655f-58fb-4550-93ec-6bde8df12211,ksloks,br,15,3305,10,2861,58,1.27,53
eac4c82a-1d28-4a4a-a9e2-a9932156c34a,DeStlNy,br,16,3301,10,3159,68,1.4,54
b80d5294-8fb3-4299-8911-51637b1992ec,Tomatez1k,br,17,3299,10,1946,70,1.47,53
0090092d-eca9-4047-a8c2-7693c494d356,FENOMENO,br,18,3294,10,4540,64,1.55,58
534bbb62-5218-4727-aaad-9ef726c424c6,lipshawty,br,19,3289,10,1942,54,1.23,63
a3cde873-ddbb-40b2-bfc3-9ffa634c0548,Tatu-_,br,20,3287,10,2406,61,1.3,64
d01968b9-6b62-4fd8-abd4-69e3ac09926b,decenty,br,21,3275,10,4575,55,1.34,52
765d2b9b-ea6e-4b67-bfb5-3d76d74ab95b,VINI,br,22,3260,10,1733,59,1.28,51
dbc62b13-80f6-4baf-9a80-0812ebb82bc3,Ceruttera,br,23,3258,10,4143,56,1.2,54
88389e8b-60f7-4702-a76c-e58a87fdfd8c,pesaadelo,br,24,3257,10,3206,58,1.3,51
f629b169-d2e3-4c63-bda0-1e58cfdb27c0,perez-,br,25,3251,10,3386,65,1.28,57
96bb0d37-26b7-4dd8-b8ba-717d3d4b718a,r3kt-_,br,26,3251,10,4557,56,1.46,59
8ca613c9-38a0-463c-94c3-ed5be7ad182c,OL6A,br,27,3250,10,2325,58,1.33,49
35086d74-6e47-4367-8d56-422f03f037e0,HOKE-,ar,28,3250,10,4165,59,1.24,54
27c63052-7a3d-4677-9cf6-ba828b27f626,nicks-,br,29,3242,10,750,65,1.51,44
68375851-97d8-429d-8994-1215fa79082f,palensckiii,br,30,3239,10,1159,59,1.33,44
d0006176-6704-465e-8c7a-524e42c3a477,-timo,uy,31,3238,10,2149,59,1.36,56
46dc5827-b175-4ae8-b803-d3a26b5f03ab,zock,uy,32,3230,10,4235,58,1.35,55
702c9dd5-c84d-42de-942e-58e921fd34d9,drop,gb,33,3225,10,2822,62,1.39,55
fef76318-776c-4732-828c-771726c156ee,PremiuM-,br,34,3214,10,3304,58,1.26,60
08b354e6-c7f5-4e64-9feb-cba6baea4ebc,kye111,br,35,3213,10,2360,65,1.43,58
c602641e-533f-43e3-9c2d-e3e8ff687ca0,DOPWEEK,cl,36,3204,10,5314,53,1.25,60
798a2505-8b8f-45c0-a5b3-1d3e0952112a,J0TAAA-,br,37,3190,10,2357,68,1.58,47
7559c733-22de-4006-8ba4-aab2d49a9d4a,LUKENz,ar,38,3185,10,2573,60,1.51,62
ed977cb8-0020-47f7-bcad-b4025eb7a259,fastzinhu,br,39,3181,10,6630,54,1.15,58
8df2459d-14a6-44b9-84dc-bdf0254b2269,vsmm,br,40,3177,10,3338,59,1.3,54
4abb772a-6722-40d0-b323-703eb92efc13,maaxg1,ar,41,3171,10,1354,60,1.39,44
86c3887b-322a-4a00-b6e8-4bb639aab809,edv,br,42,3169,10,4364,56,1.27,40
358fd901-ea31-4f54-bc9a-52fb297e8fb4,fakzwall,ar,43,3160,10,5884,52,1.39,43
b46c5e6d-3858-4ca7-9e2b-6dd418608d61,levi-x-,br,44,3148,10,2343,59,1.4,46
afe79fcf-6fd0-4abd-95a3-06850c8120c0,CloN7,br,45,3145,10,5657,58,1.44,45
544b4f6d-02cf-4f71-a38a-3e40ee91f3c9,xureba,br,46,3138,10,3708,62,1.26,51
db441e23-1acd-4bfc-b3b1-76ec80d9bd02,fokiu-,br,47,3132,10,3694,57,1.25,55
45a216c4-0a48-4475-9e16-4548a1ab8a63,-guty,ar,48,3130,10,2776,61,1.49,58
7cfbd6d1-0989-4464-b58b-30b951698fae,lcss,br,49,3127,10,3457,54,1.23,45
c1bb3e6b-be61-4e43-be52-2c13ac3dc612,ruan,va,50,3125,10,1830,55,1.37,51
ad82a342-d8a9-4ff7-a735-a502edc027df,KLR-_-,br,51,3124,10,5537,55,1.26,36
e0eaf5d5-2b2d-4916-bdf9-6b50da983adf,luffykcs,br,52,3123,10,1868,57,1.44,64
4818aac8-1a69-426b-8a55-a7fcb4e89126,naz935,ar,53,3117,10,4520,57,1.24,61
0168fff3-be1b-486f-a35f-ddb8236e1c3f,ppppppppzZ,br,54,3109,10,1143,57,1.42,50
f1d1e776-ed5a-4948-847a-07700b35bfae,lkz999,br,55,3103,10,1379,57,1.3,47
43a14ace-24f0-4454-b556-1e4e277cad55,ERECTIMUS1,ar,56,3103,10,5702,54,1.39,55
d7cfe3be-cb1c-4f42-9d18-029a3ad13d91,deshm0nster,br,57,3102,10,4441,54,1.2,41
309cbdb0-4955-4a2a-a0e0-6b4be1194a06,Miurairc,br,58,3102,10,2749,53,1.35,52
4d284a9f-6d08-4897-9ab6-01e93912e37a,y4s,br,59,3101,10,1206,73,1.41,48
146275cb-d1f6-40e3-b811-7aae69d7c86f,mlhz9n,br,60,3089,10,1352,58,1.25,52
09869807-7afb-4786-9d98-e2f4a4f37bda,Machado-_-,br,61,3079,10,4757,55,1.44,49
83406320-b332-4d23-b599-0ed9c4472a06,honda21,br,62,3078,10,3977,53,1.31,53
4ee1fe2d-a080-4dfb-8a1a-f3426412af1a,natahel,ar,63,3076,10,2831,53,1.24,54
ecab8304-b6fd-448f-ba7b-729398bc4a94,1962MJE,ar,64,3075,10,2804,57,1.2,61
6b707363-7f72-416d-8af6-27390611af1c,-tom1jed,ar,65,3071,10,2657,56,1.22,69
81cba3a2-4e5b-4638-83a2-7c252574097a,cz1k4,br,66,3070,10,776,59,1.37,52
80b92b9d-ebba-483d-a751-4459257a53e3,nv1n,br,67,3070,10,3986,55,1.22,50
3c6ee8f1-a6cc-4f1c-9c35-991bbb706462,nyezin,es,68,3069,10,2436,62,1.48,48
9ba7401e-19a6-4131-a462-04b9fe493225,ckzao,br,69,3060,10,2471,59,1.32,53
dcdd41e9-8c0f-4929-8030-b529f8076661,nicks,br,70,3058,10,1721,60,1.36,52
91bf004a-324d-4eba-a916-74663abd42a0,Gabrieltudo,br,71,3057,10,1497,55,1.24,49
0de12d71-0a13-4706-9471-caa4ca2694a3,antonini,br,72,3052,10,2367,55,1.21,58
b674ee07-88c5-47bf-a015-89c6f9854200,ph1_,br,73,3051,10,1425,59,1.27,50
bb11aade-ab7b-4b39-95b9-586bddfb0e12,Tuurtlezik,br,74,3049,10,1843,56,1.28,60
ae07c139-c53e-410d-b54b-b851efca9446,Kaiserzy-,de,75,3047,10,1092,61,1.38,54
89d0fc8b-fa08-4fbe-acc8-b34a205995e7,Rkzinho,br,76,3046,10,2938,55,1.24,60
738aee09-fb3c-4162-b64b-cc48350281e8,Supr3me,ar,77,3046,10,6014,53,1.13,52
b1f8a982-1121-437e-9d6d-d84fb472b25f,FasteRkk,br,78,3045,10,2027,57,1.59,45
c77850d9-1af7-400a-a2f6-a9643e8e238d,khowy,br,79,3043,10,2720,51,1.17,56
2989249b-5f81-4340-b2a1-e4db4c9aac5b,OwensinhoM,ar,80,3043,10,5094,54,1.26,50
fe976c18-6735-4eea-be4b-464c4fa250a5,shz-,br,81,3042,10,817,63,1.45,53
79674b97-260e-46d0-8749-d9e5f57cee48,righi-,ar,82,3040,10,2954,61,1.39,59
66bfa0ec-92b4-43b0-ae16-fdab764ec6f8,F4QQ,ar,83,3033,10,2677,55,1.47,44
1b21d193-72e6-4033-a392-cb26855fdb04,stormzyn,br,84,3033,10,2447,56,1.2,54
b8c3a638-a285-44d7-93d0-bbe373cdd038,deemO-,br,85,3032,10,2129,61,1.39,59
38150c4d-40a9-4527-8b47-19d1a553b33a,Jerr1_,br,86,3030,10,2171,55,1.23,56
09e34c6e-66b1-4254-ab5e-6f969f7de721,tele_,br,87,3025,10,3456,54,1.23,55
9793fc23-8509-4fc2-bb5e-f72e6b9694c3,MrD---,al,88,3022,10,2254,57,1.36,53
c7ee0e00-2993-438e-99ea-3050bcf65413,spitflow,tr,89,3019,10,1913,53,1.29,46
63be64d7-593b-4f75-9479-a6dd6d05b6f2,rafaa-_,br,90,3019,10,564,59,1.28,58
dd95f56e-bffc-44af-9fea-e181fce71122,togs,br,91,3016,10,3372,59,1.52,56
ad373db4-eae0-448f-af47-082d5d80a65b,Mr_bugadinho,br,92,3016,10,4635,55,1.12,56
1d9b171d-7371-4b71-8e98-f8f3ac47e140,nardes,br,93,3016,10,1111,59,1.55,42
d5475cb6-7625-48b5-b2a7-c347ed136d11,balencyy,br,94,3014,10,5065,54,1.19,56
871e212a-75ea-4a4d-8caa-1724cdb56cb0,tiaozin,br,95,3014,10,371,62,1.22,47
0b52e923-e5a3-457d-9292-3df918de9f19,Aker--,br,96,3012,10,391,63,1.43,52
c818006c-9e8e-479d-819d-589006677782,agR,br,97,3009,10,1162,61,1.4,53
8f611df5-eb41-4ac1-955e-5026ac17b2a2,Ltz-,ge,98,3009,10,2647,60,1.38,60
5e7172ac-9e07-487f-8ebd-bce905859e74,sanc,br,99,3005,10,2725,58,1.21,55
942036ed-dc41-4acf-bab8-76ff21d70ddc,coxinha044,br,100,3004,10,2006,58,1.32,45
be41de3c-6dbd-4532-aaba-20a5a485b620,atarax1a,ar,101,3002,10,2908,58,1.35,44
abafaeeb-7464-4d59-80c4-be47cbd8a651,karpov-,ar,102,2991,10,2970,54,1.2,50
46f22f3d-4325-4851-8d11-0393928d00fe,fl4sh-,br,103,2988,10,2412,55,1.22,44
18ea8295-4d09-4c2d-945b-5e717c3f2e46,extazzy_-,br,104,2985,10,1698,57,1.37,51
a7f4c0d0-519d-4828-a54c-a94bd1324cf7,-sicko,br,105,2983,10,5847,52,1.13,52
ca0247d2-fa44-4ad3-9a36-d949f814fc7d,MaxOff-,br,106,2980,10,1941,56,1.37,63
d2b9449c-f931-4c24-8596-9663069a6881,sotoz1n,cl,107,2979,10,1249,58,1.43,46
4e0c3b89-19db-4547-aaee-bc454f61b8d9,Lekzi,kr,108,2976,10,1546,57,1.4,56
547bc140-e6c9-4e18-bd92-8d8b1fec670c,Benny----,br,109,2975,10,1902,60,1.28,44
c37025dd-4e72-4fc7-b4fe-f2ed0db853d1,kdx-,br,110,2970,10,1661,55,1.23,53
53144c1b-0d98-471f-8fb1-c3206cf9c100,0nly1-,cl,111,2965,10,2474,53,1.2,58
6f5dc0d2-e3c3-431b-8ecf-341b3d15d13e,mglzik,br,112,2960,10,1143,55,1.22,59
5a499533-99d5-4159-be21-08a44c944105,DKzin1,br,113,2955,10,551,60,1.2,46
e88a905c-7506-4a78-8462-5c0ba4b5d197,dott1,ar,114,2953,10,4127,54,1.13,60
2cbbda4b-d18e-4e6f-8e9b-2e6430395a29,rzk999,ar,115,2953,10,1607,57,1.33,60
009de0ef-d102-4323-8dac-d78561c43210,-zevy,br,116,2951,10,2038,64,1.44,47
30f7a34a-6f84-4c89-bb20-49cf69e5976f,Perpetuo,ar,117,2949,10,3651,56,1.16,48
4f241e94-cd2c-4123-912f-3504435d70af,Farw--,br,118,2948,10,3013,54,1.26,53
e37989ad-e909-4536-b2ef-9646085bcac8,card,br,119,2947,10,2768,56,1.34,40
1ddf11bb-4091-457a-81b9-21cea278fdaa,meniN,br,120,2943,10,1700,56,1.38,47
32b42dee-0380-479d-91fc-28342d7751f6,pazini,br,121,2942,10,952,59,1.42,53
fb4a2659-57ac-41f5-a831-cf2e3992a077,Lacerda,br,122,2941,10,2071,55,1.28,60
62226040-6048-4f4a-9437-8d7e55db912d,Strakaa,ar,123,2940,10,3726,56,1.18,47
2c7aacb3-ea95-40fa-8360-4c3842e5a4e7,neskk,no,124,2934,10,1777,56,1.22,56
6e0dc789-2c98-428f-a538-27b359abb26c,pancc-,br,125,2933,10,1056,56,1.25,59
4358edc1-a2fb-40f8-b24e-98463282d8cb,ponter,br,126,2933,10,2449,59,1.3,56
a755bb8d-17d2-4f7a-bd41-74c4f898db9c,_nacho-,ar,127,2930,10,6466,56,1.31,58
49285fa7-74d5-4490-89aa-766c38a45fb5,naitte,br,128,2929,10,2272,59,1.3,58
3168f539-2eb9-46be-8bed-70740a221715,BRAZILIANBOY,br,129,2929,10,4543,55,1.17,48
63c462ae-57ff-4052-88c5-ce4bc2d7fafd,saKamot0,br,130,2927,10,4365,54,1.13,58
904e7fd4-3296-45fc-98c6-91508fd8bb4f,LLEAFA_KIRIG,cl,131,2926,10,2135,55,1.07,60
0d08a64f-2251-4b92-81af-1aa3c8f337cc,EsDeeKid--,gb,132,2923,10,4347,51,1.09,55
64858d84-258f-4e68-961d-e0ee42b83ce9,rainny,wf,133,2922,10,7004,56,1.29,55
b2eebb3b-868c-4e25-8759-da096407f361,bsd,br,134,2921,10,2494,56,1.38,39
9cc0d011-e043-43d4-ac8d-4f1b1bca8638,syaz999,br,135,2918,10,1702,59,1.27,69
f84f133b-ed03-42ea-ad8d-e68e18c66318,max666-,br,136,2917,10,3013,57,1.28,58
e18f3db9-1e32-457e-b50e-af3ecfe0a769,keiz-_-,br,137,2917,10,1194,60,1.53,38
4e783746-b6f6-4f74-b6af-2e9200002ab7,valen_-_,ar,138,2917,10,3903,54,1.13,54
d66a88e4-180e-4fb6-a828-b6cce696a498,KANELAOMAGIA,br,139,2916,10,4876,50,1.06,52
0adb9e6f-3969-4555-86f3-f8604483e611,trindade,br,140,2914,10,1992,57,1.28,52
7f125d61-3b7b-4e2f-a781-10932a676970,Jhones,br,141,2910,10,3393,53,1.37,42
b7e06f95-63d5-44e8-b74e-ae6f1ea6df94,-Dunn,ar,142,2908,10,3094,53,1.26,47
2efa56f7-4695-4a19-82f7-6f870742780e,Glimmz,br,143,2908,10,1372,52,1.25,57
ba91f87f-c730-46da-b7f4-16217243f83a,leozik4,br,144,2907,10,3202,63,1.21,61
0a3ccb1b-fd7f-43d6-985a-33b496e406bb,leleo,br,145,2904,10,3209,55,1.25,51
d3d49895-11a9-4c54-a3d3-daee0d65cc50,Sockersz,br,146,2903,10,620,70,1.49,45
77e15f31-b669-4c6f-a960-cb49870e3867,-dmo-,br,147,2903,10,2686,52,1.22,54
683665ef-b3a0-41e4-80d4-05ed7ffe707c,frnmonster,br,148,2899,10,3258,50,1.1,58
578fccfa-9b82-429c-b797-645740763f8b,de_prophecy,br,149,2898,10,477,55,1.25,49
38b22f5c-3654-4834-9355-148324f6279d,1nt3rlude,br,150,2897,10,2559,58,1.25,54
75e6f624-d36d-4845-b40c-6d30e03c38c0,beicolaso,ar,151,2895,10,4298,51,1.13,50
417e120a-6240-4db3-ae54-914f2e47ecdd,pkNN1,br,152,2892,10,2417,55,1.17,52
34959527-ba42-437c-9553-e5e57e087883,spider--,br,153,2891,10,3344,55,1.19,52
5cb2ed8e-1aed-4c98-8f30-cc990d61f4c7,ALENNNCARrx_,br,154,2889,10,2698,53,1.29,41
0ccd9166-8f87-4444-bc74-cfdcef33b318,lezy,br,155,2888,10,3384,57,1.2,59
780ff937-76e4-4608-9406-c2fdae354a69,land1n,br,156,2887,10,3173,57,1.32,38
49411d69-e811-4163-8d29-21ab3a0cea7c,reversive,ar,157,2887,10,5409,55,1.16,50
4707c69f-6b53-474d-abec-5ddcc4474223,leoF4000,br,158,2886,10,1096,56,1.32,43
885af8a0-3303-422d-af3b-899af15cfbb4,brunin,br,159,2885,10,851,62,1.45,45
13e96208-6c0c-485a-8f02-1e025f921ec5,guidimonster,ar,160,2885,10,2218,57,1.4,57
9dd8d542-25eb-431b-b6c9-bb5908ffd202,luca9ix,br,161,2883,10,2193,53,1.29,45
54ba615e-5c13-4413-8612-e89f69a33737,BerSeCkaZo,ar,162,2879,10,2915,54,1.23,57
ee80fe60-863c-4abe-9ea9-15757c6a3cd7,Lucaozy,br,163,2878,10,3992,52,1.19,51
9c377d7d-c2c4-4ead-a81d-4719c18b7867,rokJESUS-,ar,164,2870,10,3270,51,1.11,56
a2b1f76a-46ae-443b-9fb8-ea80d26a2f0f,quicklearner,ar,165,2869,10,2357,55,1.24,51
f51fc7fe-5c92-4230-b953-2e3ac0edc65c,evil_ale666,cl,166,2864,10,1892,56,1.31,62
871725b7-8782-46da-9858-3925acf17ef9,yamad4,br,167,2862,10,1368,53,1.08,64
c0fbdd1e-97bf-443e-95d1-c487f4591368,avadakedavra,ar,168,2861,10,5132,53,1.21,43
b5ac7d31-111e-4070-a398-58c7ed7ac6f4,-Dexter,br,169,2859,10,2123,59,1.4,43
5a87d4a5-33c3-4531-a432-1e2295e1a79f,mdkzinL,br,170,2859,10,1361,53,1.08,55
49d067aa-260f-4949-9c84-76c19e0406be,edik-,br,171,2859,10,747,57,1.24,55
56e93885-5a5b-4d50-a53c-8a931d6beb03,sevenzikk,br,172,2858,10,667,66,1.33,47
d523201e-b5fa-464c-bb81-26045841b96e,INETERBO,ar,173,2855,10,1452,56,1.32,61
562548b2-d41e-4640-a70e-73ab16e15fcd,Somemo,br,174,2853,10,879,55,1.27,51
84278933-b5bd-4552-bc86-a82751b48774,vailacraia,br,175,2851,10,4154,50,1.16,55
df32adbd-1a8b-423f-aaab-da65af389782,paqueta_,br,176,2847,10,2462,56,1.25,49
cd8d0f22-8dfb-4d88-a983-0721e63b93d0,--laser,ar,177,2845,10,2568,58,1.37,51
2153e583-e0c9-4cc5-b778-d38b9692d3e0,wallz1k-,br,178,2845,10,2472,55,1.28,44
1221ca84-475f-4f5e-a558-37ade52d1739,Dani_se,br,179,2845,10,2553,54,1.22,60
6bf2ae36-c7aa-4290-8260-7aec0c6e9274,aninhagamer,br,180,2842,10,1797,52,1.12,48
64711a5b-f4d3-4c1b-bf64-dc8988be7b6f,timid-,br,181,2842,10,2512,54,1.28,47
c41b9bde-ba1a-441b-b57c-6c3f054db7e1,jmdtra,br,182,2841,10,1670,53,1.14,63
42773734-2444-429d-b0dc-4d84269e5828,-zuzu,br,183,2841,10,3847,51,1.05,53
06dfae65-da6b-4acf-9ddd-10781a5a88ef,lipera,br,184,2841,10,1186,57,1.26,41
df89facc-bdea-4938-b99b-e86ea940f3c6,AGLssj,ar,185,2840,10,4601,54,1.32,43
af900d48-280e-4552-90b4-61e12356d16e,FbKfan,br,186,2838,10,686,60,1.57,56
ddeccd81-9b5c-48b6-9757-5cb9673d9a97,shazn,br,187,2836,10,1181,57,1.09,58
14a05500-1118-48d8-8e23-262068bf0062,spinnie,br,188,2835,10,1000,62,1.28,63
81a94ffc-a33c-4850-8fcb-0e9314bd672c,snp-_-,br,189,2833,10,2638,59,1.24,50
3f92f5b3-e12f-4e47-a42a-a388d33b2e3b,dead-_,kr,190,2832,10,2466,51,1.25,56
b6c7e805-c7d8-4922-8e7b-a46e15bac44c,linguada,br,191,2830,10,2911,59,1.21,52
352d04b0-b50e-41f6-8f92-9c8270f0383f,Thuister,br,192,2828,10,5310,58,1.16,52
0f209d5f-5558-497b-8d97-33596eb2e129,abizz,ar,193,2825,10,2198,59,1.32,58
ddc59846-fffa-42b2-b037-3de54b617556,lcf,br,194,2823,10,1678,61,1.23,51
6b52c8a0-92b3-459f-af09-497b69ce2c90,cso,br,195,2822,10,1860,58,1.28,56
867d499f-f80f-4e27-831e-8403e539ea61,brm666,br,196,2820,10,508,62,1.33,55
746fc7f6-fdea-499a-8adf-8d4b31ecc243,Noktse,ar,197,2820,10,3582,53,1.17,43
5efee690-0303-4bd4-b209-cce3c874696b,kenzows,br,198,2820,10,2150,55,1.4,61
d4903d34-f384-437c-aa5a-2a4e1f4e7e2b,lash666,br,199,2819,10,1656,60,1.51,39
e5989607-c5af-4cfc-af7d-272d34b48428,neozix,br,200,2817,10,1366,62,1.3,60
ce24d18f-4adf-4952-990e-98678a160325,L4L4,ar,201,2814,10,3091,54,1.3,57
23acaec7-a892-4ed7-985e-619b570be56f,SPARTAsX1,br,202,2812,10,795,56,1.33,45
19d794eb-6084-4ec3-b3cb-6f85d6d09532,stussy-,al,203,2810,10,1754,52,1.16,53
157dfd0a-e241-47ab-8f79-35b941a94e58,bolotaice,jp,204,2810,10,2119,52,1.19,52
c3f7ffdf-216a-4473-9b2f-9710c3adc16b,_space,br,205,2809,10,3829,53,1.11,53
29086d03-a982-48a6-a1e6-8e2716979db1,parmegiana-,br,206,2809,10,2035,56,1.27,47
0b0febdf-884a-44d5-a976-d1226b5b268a,bpg,br,207,2809,10,1508,56,1.31,42
751cb834-6c00-4490-b05e-8b2862566be1,tsukyZz,ee,208,2808,10,1902,52,1.21,53
0df28387-b91c-4a2e-a16a-4972e5d0c345,massinho,ar,209,2808,10,2732,55,1.22,52
167f3ec7-5ed7-438b-a096-640dd218ff68,POLOZERAAA1,br,210,2807,10,3736,55,1.32,46
b50b4743-61dc-4919-bf3b-6bfeee09bec8,gazz-,cl,211,2806,10,1791,56,1.35,59
b4c4116f-00fd-4eba-bffe-c8d96339782c,zapa--,ar,212,2806,10,1529,55,1.28,54
2b20d067-dc85-4193-b776-7f3eced038fe,jcH-,br,213,2802,10,1106,56,1.27,54
1c179609-dd91-4456-9613-0c668fa9c385,-Volk,br,214,2802,10,1550,56,1.37,42
edb13f53-9e7c-4223-9977-dff8027fa4e2,Lin1v9,br,215,2801,10,4487,55,1.1,56
4960fa72-7574-43ff-88dc-e6a44a8b636c,nks-,br,216,2800,10,1912,56,1.4,53
35efa7b0-2aa6-40d5-ae63-170898f71519,amz-,ar,217,2798,10,1508,56,1.28,61
70eef28d-640f-4d89-875f-4e7c514851b0,dlean,br,218,2796,10,756,58,1.31,49
5b5d853a-d59d-477d-8f86-4f9c7c3760ef,RCF-,br,219,2796,10,3009,57,1.3,42
44bf5bc5-d40a-4715-9bbd-2efe0a4b48b9,Sinyster-,br,220,2796,10,809,59,1.25,49
218e8aec-5d96-4342-9fde-4d22e3a1792e,ivz,ar,221,2796,10,4009,58,1.35,43
b741d849-607e-4606-a4b3-6993a2f378eb,bant1,ar,222,2795,10,1348,53,1.24,60
236ef2dc-98c1-4425-8909-5d9e96153ae4,hut-_,br,223,2795,10,1041,56,1.42,41
0a38e0a3-03a1-4aea-8c24-396ad8d802c1,CutzMeretz,br,224,2795,10,7590,57,1.12,50
989baa90-4bb5-407d-a9a4-e924b56e308a,kyo969,br,225,2793,10,1112,59,1.33,48
885e17ce-42c2-42dd-a141-2d7c5861331f,wL_,br,226,2792,10,2484,52,1.24,56
185cae34-c7a6-4d4a-9ca5-7b7e196d5450,kross7_,br,227,2791,10,268,63,1.26,54
7791078b-41f8-4d18-bde1-8a27e4f41d55,kgzin-,br,228,2790,10,602,56,1.3,58
ecfb9091-3e0c-4057-9767-dee2f2c79974,--zed,br,229,2789,10,1388,55,1.2,45
eac299a9-532f-425e-a4dc-0f3c3314adff,pegin,ar,230,2789,10,2950,58,1.32,48
541305df-7061-4592-b67f-7b361030605c,-phc,br,231,2789,10,2064,55,1.2,63
1c3eae4b-bcc1-4691-90ec-1a7222f9b5ed,raanx,ar,232,2789,10,1947,53,1.23,60
5958f8e0-04c2-4499-bc94-b79d0f0effb4,POMBAODEMEL,br,233,2788,10,1143,58,1.34,53
f0c60dbd-92b0-4020-a694-6902a8320017,_maik,ar,234,2787,10,5394,51,1.09,48
4fdbafb7-cc9b-41be-b56b-0e08e69df1f1,snowJESUS,br,235,2787,10,1995,55,1.23,47
2c3e74fc-683a-461b-9449-df6f7ad9f5e0,rem1x,br,236,2787,10,1348,59,1.39,35
ce5c98d1-87e6-4242-a682-e79ad14fcbe4,-sza,br,237,2786,10,1743,52,1.14,51
35a3708b-bbde-482a-b76f-9d1c0894134e,SHELBYGT500_,br,238,2786,10,1007,62,1.23,51
e305c6c4-38b5-450d-b8e9-ecedc771a1c6,ruizz,br,239,2785,10,1951,53,1.24,51
ee2d370d-7853-49bf-b5c7-b4350c491085,rafinzz-_-,br,240,2784,10,1052,57,1.16,46
7d88f1c4-ba45-4972-94e2-b995f679bec4,LN7-,br,241,2782,10,800,56,1.31,63
524f7abd-41b7-4c97-9b24-08fcd100f031,brnS-,br,242,2782,10,1324,58,1.36,49
d5a0027f-9061-4112-aadb-be6d90f13f51,KszIN_,br,243,2781,10,971,58,1.38,52
00cb4dc8-2d82-4238-a8ac-82ef93ed9486,jnRAT,br,244,2781,10,1976,56,1.16,51
850cfdd1-ccd8-45f2-93ab-1f54ccc3439c,-EUROTCHUUCO,es,245,2780,10,3074,51,1.23,54
c7f54469-46ba-4f27-b3c6-0a7367977397,mat1-o-,hm,246,2776,10,5223,54,1.19,57
5daa0c02-f931-42d2-bb20-5dd603a263c0,yeda,br,247,2776,10,1874,54,1.28,55
03f54958-1ca4-4094-8648-6dbebec264d4,drake--,fr,248,2776,10,487,62,1.72,57
9195b689-d271-4485-99f9-6847715848ad,tR0FFz-,br,249,2775,10,1310,58,1.45,48
fd36ccb1-ea08-4fe6-a0b8-d8b956135807,ricdicGREAT,br,250,2774,10,2418,56,1.19,48
204735c0-127f-433c-b2cc-60c43a319fb0,R4N,ar,251,2772,10,2222,55,1.22,46
13435ce5-3e04-429f-ad5b-4c282d8fafb7,castrz,ar,252,2771,10,5381,51,1.1,58
48521176-0ed1-4c48-9be7-0e3f2c329c64,Dimas-,br,253,2768,10,1306,60,1.33,50
ad7c2dcc-4bd5-4c90-85f9-d91fa67870bc,sai794,ar,254,2767,10,1383,59,1.32,53
206e86f6-afd1-44b1-8113-5b6135db5a36,daker,ar,255,2767,10,4989,54,1.26,55
e620a595-3fca-4072-a31c-23e1f4c5a40d,aguzstar,ar,256,2766,10,2288,54,1.26,53
1bf0a022-511a-4c64-aaff-a30e389b6b7b,n0zkur,cl,257,2762,10,3402,51,1.11,51
ba20ae8a-4536-4faa-b5f6-88e594372ba4,Kiritox,ar,258,2761,10,3146,53,1.19,62
0fb8fa81-40e8-4605-b7c2-f996efb9a2f5,artenz-_-,br,259,2761,10,1198,55,1.26,43
1afef88c-2929-4303-94be-03996f2fdcd3,BRNWOWZK1,br,260,2758,10,1132,52,1.17,51
c9a288b5-f631-426a-8569-33ef683e6bcf,n9ymarjr,br,261,2757,10,1674,57,1.33,50
3e777f15-2311-4f24-b53e-07e2c8f570be,ntxx,br,262,2756,10,3982,58,1.18,57
81329c7e-247c-4d87-85cf-cbe1caad52c6,swag_-,br,263,2755,10,893,55,1.32,55
7e901a3b-141d-4820-b111-2e83cf37ee48,Hezz,ar,264,2754,10,2737,55,1.19,42
51512563-f6d9-4c4e-95b1-3172a724730c,-waitzin,cl,265,2753,10,2851,54,1.17,59
44c21a1b-2090-40e9-9359-7b725a1bf4f2,Lutyy-,ar,266,2753,10,1426,56,1.47,44
b6681dd6-560e-4a90-ab13-0004cbdf34c0,raTuhx,br,267,2752,10,974,56,1.27,60
9313b3f8-9bc3-47da-8ab2-b0ba323e1b49,AmBiTioN_-,br,268,2752,10,1704,55,1.06,50
aaa3eb0e-679f-4149-957b-203d1cb20530,kh1mura777,cl,269,2747,10,628,60,1.28,46
8a81f6d5-d6ca-4627-a4b3-251bb63dd87a,DJAMBA,fi,270,2747,10,269,61,1.54,50
fe983f89-8bf0-453d-9423-54a86d4d1cf6,panx,br,271,2746,10,1170,56,1.3,51
35628708-8f82-4bbf-b113-48c4e8326a83,eduferp,br,272,2746,10,1341,54,1.26,45
54069a11-31bb-40b9-a65c-2ce8a7fd9c56,GdA_,br,273,2745,10,1215,59,1.2,50
93eeb84b-8bb7-4bbb-b7ac-782006e89498,Lucasye_-,ar,274,2742,10,3073,51,1.18,53
54346c5e-c70d-4493-95ce-7bfc0e33cfcf,Stinxy,br,275,2742,10,850,58,1.27,52
a6b0b3f3-5270-4647-b3ca-d5093400d6df,Gabotom,cl,276,2741,10,945,54,1.22,52
a9bb1e4d-dfa5-400f-9057-83a203498afd,TONHAO,br,277,2737,10,629,57,1.11,37
6aee71bd-3a84-40c1-ac2f-f0e50d4abe60,RUSIANplayer,ru,278,2737,10,3034,52,1.21,60
21e95c60-c033-4879-80b8-a75b3e487000,skyzin,cl,279,2737,10,1610,54,1.27,48
54d480fb-631f-4f1f-845c-65115c800989,itachiRJ,br,280,2736,10,1068,54,1.36,39
2a1022e8-45ba-4cc0-93ea-68b613f064e0,juandog-,br,281,2736,10,744,57,1.36,46
ade7f3f4-c116-480c-b529-f1dc1a9e42b2,rkt-,br,282,2735,10,1825,56,1.18,65
a8a5a014-f4f9-4a11-ae69-2da4f5a731e7,nhrr,ar,283,2735,10,2357,52,1.12,55
dde522e3-547e-444e-9b59-a2226b20b257,stk_,ru,284,2734,10,1907,56,1.27,51
bab9cf72-a59a-45dd-9638-dc854ff1661d,queijoJESUS,jp,285,2733,10,1765,52,1.02,65
b87954bf-8825-4c93-99b8-0506054f8fa0,kenznk,br,286,2731,10,2059,62,1.34,54
3e6cb68e-93d7-43b1-b8fb-33189ef5ab03,Sr-Ogata,ar,287,2730,10,3353,59,1.17,59
f0b6eefe-610a-4fbe-8d8e-0443abc7cf7c,rbn-,br,288,2729,10,2958,52,1.11,65
0595e62e-a861-4821-b0ec-f5b16652cef0,AleKsiSssss,cl,289,2729,10,781,56,1.16,49
851b87b9-7bfb-4fa8-b6fe-6c463e7bc70b,ALI3N-,br,290,2728,10,1601,51,1.05,59
e50676d1-ea6c-4876-893f-53aac4b6dc6f,NEKIZ,br,291,2726,10,3010,52,1.1,50
7b4dc3c7-7aff-4018-bc24-82a95317b2b7,ngzz,ge,292,2726,10,1007,58,1.51,49
0bfd9f03-b02b-42d8-b566-4074fa0397d1,-REAL-_,br,293,2726,10,5386,51,1.11,59
c7d4f74f-b490-4631-b036-7a27a0438e7b,Dudi2K,pt,294,2725,10,600,57,1.48,51
0236edfb-cf0f-4a93-873e-7460be104b71,gBrDemon,it,295,2725,10,1694,53,1.29,55
f3992de8-e9df-4582-b485-e9161c440430,rywwwwk,br,296,2724,10,3387,50,1.21,49
d9711d0a-5f1e-40fa-ad0f-ec6623abf6bc,-jasper-,br,297,2724,10,488,64,1.33,50
ff1c8366-2c88-4597-a9ee-9058159a3f3a,hitagi,br,298,2722,10,1292,60,1.41,51
e9e1fe69-2731-4adf-8663-f94513172580,her7z-,br,299,2722,10,974,53,1.23,54
114c8e31-a6aa-4161-abd0-a773685be847,vLaDE999,ar,300,2721,10,1640,51,1.1,63
f2cd0004-5661-400e-b142-eb7bc74ea00e,spy1337,br,301,2720,10,2826,59,1.33,54
e21b1eb0-61a3-4091-9f65-9e4b751d4f40,yReisen,br,302,2720,10,1338,55,1.15,51
37b6025f-3da9-4772-8c49-f1eadd104b03,junyo_o,br,303,2720,10,3109,62,1.17,54
1da6fc34-99fe-485e-854e-d4dce2a725b0,Lukzs1-,br,304,2720,10,767,59,1.46,53
1e63735b-0f9a-41bd-98e2-6350ed88bbe9,-_-JARA,al,305,2717,10,785,59,1.29,50
8009c941-61b0-4ee8-a872-170c87b4b841,reiszy,br,306,2716,10,711,57,1.29,56
64705756-9dc0-4d3d-a69a-5cffba8ba525,felpezy,al,307,2716,10,5392,51,1.26,54
ffb24b74-b32b-413b-a44d-64431b90aca9,soymuymalo-,dk,308,2715,10,1165,55,1.42,55
d6045bbc-95bb-4055-8f82-82753e4edf9a,Zatch666,br,309,2715,10,306,71,1.83,50
87687942-6bf1-4166-be01-ef66a253b615,J0TA-_,ar,310,2714,10,1307,53,1.2,50
da08f169-5267-45e5-a3ab-62cc3b5f57d6,Akari1221,ar,311,2711,10,3788,53,1.04,47
60a1e81b-ecf7-4cf2-b010-32185ed9140d,Fernadn,br,312,2711,10,517,54,1.26,47
fbba8fb3-94c6-44ef-88a9-e3ca61346c2c,FrahN666,ar,313,2709,10,1984,53,1.26,52
24d47d07-0808-431d-8e91-1c14669d34c9,eobadran,br,314,2709,10,2683,54,1.26,54
415cc859-c677-4816-88e9-4d91fd10112c,el_tigre_ton,ar,315,2708,10,3498,53,1.33,38
c4a94f7c-6a2c-4663-9190-4cd6d9aad242,xand,br,316,2707,10,1343,52,1.2,42
c29023b2-1189-405d-ba3d-72d1233de195,headquadrada,br,317,2707,10,1263,57,1.27,52
1ec9f547-33cb-4a8f-9761-c904791d133c,paceiN,il,318,2707,10,494,57,1.2,56
dcbc13d8-3e5d-4656-87af-f3b48d0191eb,n0page,br,319,2706,10,2728,58,1.09,48
f96cee59-d38c-41a9-b6b8-d66916db5e21,Lastt--,br,320,2705,10,473,57,1.33,53
a5cd3a13-05c1-4fcd-b323-275c6b187219,vhz0rd,br,321,2705,10,699,59,1.24,39
483b0314-82ed-48be-8d60-0afc28dde3c8,vzn-,br,322,2704,10,3667,55,1.12,49
5bcfdd33-c9e6-4acc-b513-7b147c47a1a4,A29838438219,ar,323,2703,10,369,66,1.48,45
b5c3e65c-bb6c-49d1-ad75-3823b52ce576,danoco,br,324,2702,10,5417,53,1.12,52
062bcf42-e360-4349-b0a3-7b9da4e1fd06,DiNiZywOo,br,325,2702,10,1022,60,1.37,47
32d01edb-0a39-41db-b33c-3c9dc90bc1d2,felicio,br,326,2701,10,804,52,1.15,51
facd8f94-17a5-4ec9-a3d9-cfb5e5253d61,kingwaif69,wf,327,2700,10,1992,51,1.2,57
e227fff3-758a-4cff-a679-da0511e987cf,shadenzinhuu,br,328,2700,10,2240,58,1.16,49
d9bb5962-6ea5-4fa4-abee-195fb3be96c6,rmn666_,br,329,2700,10,1507,55,1.17,57
5e939271-656e-4ab9-990d-4e0778b23906,RafaEg,br,330,2700,10,488,64,1.44,45
5a5c4c96-b4b1-44db-afc5-3a9bf4c85a6b,n4rdez,br,331,2700,10,535,54,1.34,47
f89182f5-3071-4491-bdee-88a60d9bee4b,rgn,br,332,2698,10,1407,51,1.3,50
e413ab60-83ef-4366-8143-a612a521a87f,allenzao,br,333,2697,10,1694,54,1.25,59
b77bb306-f602-459f-b84f-401c650edc83,emut1,br,334,2697,10,1109,56,1.46,41
74bfea62-8bdb-4a37-a406-afcf956ea7b9,-Gaybriel-,br,335,2697,10,599,60,1.33,43
ed5255ab-1f5c-40cc-9aba-9866a8d93188,JK_IGUATEMI,br,336,2696,10,1365,52,1.07,50
c3916b60-45a9-467f-b3cc-7c5c86c44b40,L4CER,ar,337,2696,10,1926,52,1.08,58
6db725f4-d8af-420f-85fd-31720d70283f,astro999-,br,338,2696,10,1117,56,1.24,54
1e616107-e8cb-4c92-9f97-5920f867533b,WWWWWWWWWWWL,jp,339,2696,10,830,52,1.4,47
0c64195f-b1ee-4fdc-9c0b-376dc2f57d77,will1ZERA,br,340,2696,10,3321,55,1.21,54
ea37b261-0365-4e97-a40f-1bddae30533a,lostz,ar,341,2695,10,1609,52,1.33,52
e7e8207b-9764-4909-91a9-e74d4a54eeac,Straafer,br,342,2694,10,2849,54,1.1,53
6df8fcb1-7ba2-4111-8f4f-773d57ef4bc7,jnso,ar,343,2693,10,2498,51,1.11,56
18276fd5-1146-4d9c-8f7c-976b81d64b1e,kaelzin-,br,344,2693,10,792,56,1.18,64
2920005e-0cf4-4dfa-9026-0ae263e77039,Insan1ty-_,br,345,2692,10,446,58,1.24,46
ad6c8edf-6be4-4bb1-8898-3171af6a267a,Uva-,ar,346,2691,10,3754,53,1.21,36
93c8b074-488d-4673-8824-2d8d18441c82,WiGhh-,br,347,2691,10,546,60,1.41,54
8606f2d2-16cd-45a7-9e6a-76c5bde10847,brokeNN-,br,348,2691,10,2902,54,1.21,50
eaca5c04-f230-429a-852d-d2c1c43b606b,kytoh,ar,349,2690,10,5190,51,1.23,38
54f5e9f0-8af8-4b88-b9c4-838d675c0db4,LukeJack,br,350,2690,10,2834,51,1.14,54
2c67e690-0a7d-4845-984b-b2c02e9940ce,TrGuilherme,br,351,2690,10,1330,52,1.15,52
9ce5268d-b986-48c2-bff2-6011b451e98b,jMM-,br,352,2689,10,845,57,1.26,49
e11df64b-891c-4fb6-8164-1c23b025eacc,siri666_,no,353,2688,10,1499,54,1.26,50
61c22423-27e7-406e-b491-55478dac96a1,L9_Ratirl,br,354,2688,10,1295,57,1.22,57
fbc11ff6-3f90-4154-9054-9abff96875dc,16lyfee,bv,355,2687,10,588,56,1.11,50
6c109157-1a6c-4a77-83a3-7e4e99e72860,Mmmmaikon,br,356,2687,10,734,55,1.34,64
3c5dde62-e94b-425b-bf91-7ab8283066c2,BKT,ar,357,2687,10,2911,55,1.27,60
6ef0f756-f1e4-4a86-a6ae-4c8d9a93980e,-_leo,ar,358,2686,10,2600,54,1.17,53
d8847e4d-50a6-4d06-bd25-a44a01a179a2,P3RCY,br,359,2683,10,3074,51,1.12,50
82fbfb2e-8afa-4793-bf6c-31dca6df7be4,LELOUTARES,br,360,2683,10,2353,57,1.23,47
5f405904-2dc5-4edb-a50f-67c7ea225c5b,lucaslm,br,361,2683,10,2291,55,1.05,51
dd07b24e-fd76-4b1d-8332-c880975896ef,T-1OOO,ar,362,2682,10,3098,53,1.33,48
000e170a-6dbd-4578-a2b1-ebf85a295e75,maccoppi,mo,363,2682,10,429,59,1.4,50
fa2bcac7-9812-46dc-9558-9cdf74c4fbe0,ddg--,br,364,2681,10,3012,54,1.25,43
99c0a3e4-34ac-4967-8b2d-cedf20044b9b,R99--,br,365,2681,10,2184,54,1.42,56
527f70e0-79bf-4cf9-bdce-7f77001283e8,predict,br,366,2680,10,1708,60,1.32,51
186f6cac-22f2-4d64-9b3a-3234e28a4b81,ton_,br,367,2680,10,1249,54,1.08,54
e3a54a33-f21b-4bf6-ad8d-1befad7109d4,pleasures,ar,368,2678,10,917,60,1.4,52
bb46729c-3d40-4b0d-a748-b9cc29c89c2b,Knedin,br,369,2678,10,2499,51,1.07,53
161f9946-27b0-4acc-b239-6eaec4e2ab4b,Pingonchu,ar,370,2677,10,703,57,1.33,53
05b166ef-b83f-4c7b-b0bf-da96c26d0d5c,Santinfps,br,371,2677,10,280,61,1.32,51
0b37c707-cc7d-4d3a-b2e2-7265da88bcc2,Blaackze,br,372,2676,10,644,58,1.32,42
abf12b80-bc3a-4ba7-802f-7d6d135e02ac,juli--,br,373,2674,10,1683,55,1.17,54
4823d7b1-d434-467f-b9ed-f9205ee2e551,lucks-,al,374,2673,10,1059,54,1.27,57
0702c23d-fc17-4484-aef5-fa4222f25c0c,lunarzin,br,375,2673,10,1753,52,1.16,58
556ce56c-6d73-4ce6-97bb-7090c0367c99,art1s9n,br,376,2671,10,1190,55,1.13,44
cdeefc19-28e7-4df8-a1d3-0eaae4792f50,ANTI_PETISTA,br,377,2670,10,713,56,1.45,51
ef492907-fcf3-40eb-a721-909be0b6846e,NEYSQUIK,br,378,2669,10,603,57,1.33,48
b7e83b09-89af-4823-b6b1-58a1df9ba62a,igrzzzin,br,379,2669,10,1258,59,1.16,47
5a3e57d8-c4a5-4cbd-9942-1957e0e73176,Juaniv,ar,380,2669,10,1716,53,1.28,53
e20a57d7-5bae-437b-840f-dfdbbc3a286b,michels,jp,381,2668,10,2185,51,1.09,54
38054c7f-eca6-4f9e-a212-1795994377b6,Brnz1k,br,382,2668,10,6395,51,1.08,54
68ac3a72-0840-47a5-ae5b-4d253a1fdd1b,leenon,br,383,2667,10,1831,54,1.26,50
3fe064cd-eaca-472c-84ce-a7ed7e25af59,wastzera,br,384,2667,10,1132,67,1.52,52
9e734639-9510-4523-8db7-5c079a7a7fc1,Yakuzafps1,br,385,2666,10,952,55,1.22,51
7276ee99-31a7-4a56-9c72-3c155525d8b0,pdrziN--,br,386,2666,10,3977,56,1.2,47
d9036c92-1507-4b36-a18c-41a3c2b534c8,M4ST3R_SH0T,ar,387,2665,10,511,56,1.39,58
380127f5-ce20-4b8a-a786-d6ed7645cd5a,dso,br,388,2665,10,1248,64,1.41,47
31833282-2daa-45fb-9b59-139a8d1849ef,zomsinho,ar,389,2665,10,5834,52,1.09,55
6900b94f-72d4-4712-bd92-b75cdd22ed73,HazZe-_,br,390,2664,10,686,55,1.2,60
2d1ddb95-4f2e-4dae-814a-2428eadf4826,MOSTAZAAA,ar,391,2664,10,2145,54,1.26,52
0b0d6309-93e0-48c6-95ef-2fe59f2fd517,CR7SSJ,cl,392,2663,10,1420,53,1.17,55
1259d0f3-6561-4dae-9218-0185dde84c7d,Ryypher,br,393,2662,10,1635,51,1.13,60
f1734c0a-1549-44b1-a0b7-021fd1eed5b8,Miticovisky,br,394,2661,10,538,60,1.57,58
2f6f6a58-fc14-430e-99c9-14b5f94e75f7,momito,py,395,2660,10,1905,52,1.1,52
8e2cf2fd-1863-4d97-bee0-4392a366a439,felinus,br,396,2659,10,1030,56,1.31,56
41ee9152-b90f-4475-bee3-f476477ab56e,hotmonster,br,397,2659,10,336,71,1.62,41
2beea4bf-b4cd-4531-a1f9-2f993e3161c2,GaBi-,br,398,2659,10,1910,52,1.03,52
b7a49149-cbc8-403c-a1ef-5eab907fd9c6,21dgn,ar,399,2658,10,2358,53,1.07,56
0cb2d7e7-3acf-4291-b245-d118ef619a4b,venesi-,br,400,2658,10,1490,57,1.24,46
02b6d7ad-3837-4792-9876-49091d5a2dbd,Leobas,ar,401,2658,10,1296,53,1.16,61
d583b10e-cd30-4054-b301-7a68bee63e8d,kaue_-_,br,402,2656,10,1978,52,1.35,44
b8caf3aa-036b-4b23-9621-0e410ac1bc5a,_Netto,br,403,2656,10,1324,52,1.14,51
49cd6b71-b35f-4937-9287-1e0ac22b6aaf,_silent,ca,404,2656,10,1927,52,1.13,52
42e5292d-33e9-4128-8cd4-ea9982da6d54,neymar2012_-,br,405,2656,10,620,57,1.3,48
287f3eb7-662d-4ab9-b3e1-6da59d854bd4,sett1,ar,406,2656,10,402,59,1.43,52
ccd84605-ce9d-4c0b-9e58-38d19351ee09,kepeer,br,407,2655,10,1065,53,1.34,47
94b2d91e-b900-40cd-8d9c-aa0e2cb33d14,Nemito01,ar,408,2655,10,1585,53,1.2,48
30141a1e-664b-48c9-ba7b-7e1fbe3e1e4d,ktRoOk1E,uy,409,2655,10,2353,58,1.16,48
d2ef8224-2308-4abf-8a31-2e3882421f0a,_Koda-,ar,410,2653,10,3490,52,1.12,51
71870e83-b37a-44b0-8539-2f6e29fad48b,jeruzzz772,ar,411,2653,10,4319,54,1.11,58
64e5a397-6310-452b-a62a-b61ed9169cdc,Maskong,ru,412,2653,10,472,55,1.2,52
0861737b-014e-43db-b266-7b2886c8a071,yeat7777,br,413,2650,10,3906,51,1.06,48
6b366cde-62a9-40f7-9da9-4477a56283ac,KratZzen,cl,414,2649,10,4668,53,1.34,49
5dd306f1-1fba-45a1-8c99-d89f3d405da0,marcelok,br,415,2649,10,2058,52,1.08,51
db1402e8-c068-400c-aa57-4205fa001268,braz4n,br,416,2648,10,1421,52,1.2,52
88c1ad4a-e49d-4b89-9ffe-ad2c3cb4c19b,N3blina,br,417,2648,10,1862,56,1.22,55
4804d07d-ecee-4449-a531-11d7608d9fe8,brokenzinho,cl,418,2648,10,1295,53,1.21,41
3af56586-bb6c-4c31-9649-d38564773c19,criz6,uy,419,2647,10,1325,57,1.46,50
f42d52f2-d1b4-421c-a424-06ca971dc1bb,Kud,ar,420,2646,10,3547,51,1.14,55
e868edf4-1123-4fb9-8983-339665cf1b9a,slayerz1k,br,421,2645,10,3241,54,1.06,51
da1e1ee2-eebe-4d51-9095-ae5f5c1aea71,zenoooN,it,422,2644,10,616,58,1.36,41
c489fa81-182c-42ae-b34e-33d39c226f47,smackyo,br,423,2644,10,2161,54,1.21,65
2a1993e8-3c3f-4c64-a80c-d98e041ebda9,t0sy,ar,424,2644,10,681,54,1.51,59
10a2caf7-b82f-4889-bc8a-565249e5cca0,Evayo,ar,425,2644,10,2310,53,1.23,50
b1fd05a4-6c62-4c29-8ba2-d61234660b21,yoichi,fr,426,2643,10,2905,52,1.09,52
fdd487e5-6372-456e-9fc5-f30203a6fbb4,RwPoN,ar,427,2642,10,3544,54,1.23,46
d6d6b7a2-cddf-4257-a9c0-319caf7f7a6c,hgl-,br,428,2641,10,425,67,1.34,37
0e6b63f9-6411-4452-a8e0-e48e7f64d9b5,vitafrxK,br,429,2641,10,2029,61,1.4,48
f0c9aac1-4365-4094-a13c-98334d3b2f43,p1m3nt1nh4,br,430,2640,10,1796,55,1.15,40
b58cb733-9f21-4017-adb5-a7632bc74e08,busan-,ar,431,2640,10,981,54,1.22,59
610dc16c-0635-40c7-9dd0-304973458ce4,protado-,br,432,2640,10,1962,60,1.2,54
57267532-09c2-4b0f-8c69-10ff826f42b6,rekiz-,br,433,2640,10,1182,56,1.09,52
1a423c6f-2da0-49be-8a20-f68e128c70a7,Crauu,br,434,2640,10,451,65,1.47,45
140fd62a-fb97-45fb-b6dd-dae20a17be2d,dezZutti_-,br,435,2640,10,987,57,1.42,53
d68c4dc0-e0e7-4395-a1f2-244be73d4531,Gatsbyy,br,436,2639,10,402,59,1.17,50
4cc487b8-be6e-4ff9-927e-cc1856e08506,bubbleziNhO,br,437,2639,10,726,57,1.32,45
1f75448e-0798-4bd9-a140-ecca04565ecc,nfzin777,br,438,2638,10,2140,52,1.39,51
1b3f8e69-39d2-472a-a93c-af5420c0983e,-NeuTr0n,br,439,2638,10,1672,56,1.2,40
b40f5ac8-1b1f-42fa-b280-f8588cfbebf5,alove_,br,440,2637,10,1250,61,1.48,44
4d7c86fb-6aba-4dfb-9415-15e83e85631c,CEJAMONSTRO,uy,441,2636,10,2481,52,1.17,47
26e5fcc0-ac02-4185-828c-45e658bb967c,ronaldobaian,br,442,2636,10,984,56,1.3,52
24d8595b-2814-4153-a0a6-1d3f89865df3,Fortunatus--,br,443,2636,10,1151,57,1.68,60
2d45bcba-e6e6-4eaf-b2e5-8eae45f8f2d3,Lmszin-,br,444,2635,10,1155,56,1.33,43
8d2c862c-d59c-45e4-8b80-9714644fff5e,IVAN10-,ar,445,2634,10,659,54,1.34,44
a302138c-f156-4c7e-a9b8-3b982d091f2d,Swords-,br,446,2633,10,5054,50,1.1,53
902359ac-14a8-4846-a0fd-05298b827787,FRYS1,cl,447,2633,10,2447,53,1.3,59
10c580f9-6240-4360-925d-2b9022c5bb4c,c1d0gxD,br,448,2633,10,2259,53,1.15,43
d34ed081-1390-4c7d-b9bf-d21320461169,giuteamo32,cn,449,2632,10,782,56,1.2,53
68e8f2fb-844b-482a-be72-cb3060025e5c,Leozin--,br,450,2632,10,643,65,1.45,55
4d20ae89-240e-4e68-89f9-77cb54eba63f,gn1ss-,ar,451,2632,10,3384,56,1.23,57
f283f941-332e-4023-8609-a302c823790a,fraudpill,br,452,2631,10,1568,52,1.23,64
9668f0e1-2dac-44c4-b374-5b1daf01a1dc,sNp9,br,453,2631,10,3223,52,1.06,43
e7d84cfb-450e-4cfb-b149-688dff285998,cabuloso--,br,454,2630,10,1167,57,1.32,52
e48ba13a-b54c-4508-afca-4770fc488cc9,-Roz,br,455,2630,10,5064,53,1.13,48
7a33a8f3-7255-4f70-b978-352ec0e86a8a,BG-sNk,ar,456,2630,10,1580,54,1.46,62
ee3f11c7-ec85-4691-9b08-2e577e2d50d5,Sink100vance,se,457,2629,10,1453,59,1.25,49
6b05ebb0-deba-4620-a86c-420e9bcba414,7uiz,br,458,2629,10,1529,54,1.35,48
f2515b0d-6fdf-4fb2-913a-7f37ce509086,Kadzz-,br,459,2628,10,1328,55,1.15,52
c7b0d575-a7b0-486e-af9c-1341942ffd5b,guizo,sz,460,2628,10,1125,55,1.13,56
592243cf-214a-4bcd-b26f-b634a0887016,noc1,br,461,2627,10,1197,55,1.14,46
2eca2bf2-18d5-4398-ad8f-d1c40c88c8df,KILI666,uy,462,2627,10,3034,50,1.11,54
bd9144c8-76c6-48cf-bc93-87da7bf7b939,danned,br,463,2626,10,1698,58,1.1,53
37c6ac78-133a-4042-9817-0f59cdcdd3ec,Concepts-,ar,464,2626,10,1749,52,1.09,56
dda1a8e2-e2e2-4a3d-a931-d267b8176e98,DOG_TYSON,br,465,2625,10,913,60,1.36,54
645bb40b-aad7-4446-b0a5-e57d6f992130,superex-,ar,466,2625,10,664,56,1.56,57
a5959f24-4d9a-42bb-92c6-0a78c84b39d3,wEZtY,br,467,2624,10,867,53,1.1,57
b63e88dc-d86d-4d4d-b6ec-a749a9b26ee7,paymon,br,468,2623,10,1442,56,1.46,42
a2cb16ae-c0c4-4e8c-8368-c93fdd488db8,thekingggg-,br,469,2623,10,1666,57,1.38,55
18b0a191-d5f4-4e4f-9097-433215ea2d40,braza--,br,470,2623,10,2228,52,1.13,47
f7a3d74d-849a-4c2f-a11e-a703043ace2d,-jz_,br,471,2622,10,1749,63,1.39,49
bb5286a6-dc6a-4259-b22d-eabd61e185c7,InsaneV3,ar,472,2621,10,647,54,1.39,49
2fe6b9e6-7def-499a-8ca0-e263f7da0b24,rickzauM,br,473,2621,10,969,54,1.17,44
f9a55830-fd0f-4cb0-b8e5-167046738ae4,andrezerAA,br,474,2620,10,1849,53,1.1,44
d80d6a3e-feac-4a95-8a30-f7b778ede62a,poppins-,br,475,2620,10,408,60,1.2,50
6a36adf9-dc15-4dd2-b8cc-0aca8ea0f8c4,ShutAsY,br,476,2620,10,2809,55,1.19,49
0e128296-ecbc-48f9-824f-bd7bc5be248e,2472811114,br,477,2620,10,694,54,1.29,59
f8130cc3-ca7a-4813-8a02-be59a97c7c8b,ozempikkk,cn,478,2619,10,356,65,1.28,53
8789e627-30a4-4487-bbe0-7279f445a308,Skynex_,de,479,2619,10,1537,52,1.11,52
5dd34bb6-7866-41be-9675-dd0c142b60b4,comanderaa,th,480,2619,10,1004,54,1.17,48
46256f82-969e-4cbc-8c61-065bd3641206,TreNNtt,br,481,2619,10,1269,55,1.2,44
3f64401d-6f91-4fb9-a844-fedae5f081b5,hnr,br,482,2619,10,1203,53,1.25,48
1e88b1bb-e0f3-45cd-b41c-4fec72539a69,FSRcs,cl,483,2619,10,1532,52,1.2,60
a523010f-f411-48d5-85ef-7b5ae946b0b5,nogarcS1000R,ar,484,2618,10,3641,51,1.22,50
2ab7fccf-db2a-4e11-a375-641aa6ca66d0,GKB-_,br,485,2618,10,680,55,1.34,46
63167f93-ad77-42c1-b221-fa5a04c20097,mAIMba,ar,486,2617,10,1072,51,1.25,53
1ebdcc8a-e5e6-4902-8de6-fd84acf473b8,crushzin10,br,487,2617,10,2380,50,1.24,50
9c989a6f-9681-4fdc-a1ab-b95da089a9cd,tyzh,br,488,2616,10,618,56,1.18,59
87d96793-bee5-46ae-a705-7d3108698c0f,sekaene,br,489,2616,10,568,58,1.27,54
ea4fdd0f-ab62-440d-93e4-03b07263cdf3,dasasddaw,br,490,2615,10,1855,54,1.36,45
ba592314-a1ba-4b5b-be1f-0c74c4524ff9,matj-,hk,491,2615,10,1107,54,1.33,55
43450cfb-f98d-4dc5-927a-e03d32715bdd,aversity,br,492,2615,10,3345,57,1.18,60
4d49ad06-0937-4a9a-bff3-6fa020770941,Slender-r-,ar,493,2614,10,4306,51,1.3,57
356e9a0d-bf82-4292-8c5f-8727248bb4fb,shinz-z,ar,494,2614,10,1735,50,1.19,50
0b00a236-35a4-4e8d-a15a-4caa8ca72fd4,Maluk3,br,495,2614,10,1175,62,1.36,38
03514a20-e35e-4f40-b57b-4cd06f8d211b,DwarfGod,ar,496,2614,10,312,61,1.8,44
cb2e90a0-f641-4683-b156-e5adb9f2f575,jotta--,br,497,2613,10,849,53,1.28,53
ea99aafe-2a27-499c-80c9-0d856c8f8abb,skArlord,br,498,2612,10,977,59,1.26,44
66411b38-95bf-4e5f-b024-516acac3e4ef,electricity,uy,499,2612,10,1667,53,1.32,48
82b9ff47-a75f-4e70-9e50-896e0f343bba,dukha_,br,500,2611,10,1059,56,1.25,51
0a89d95a-dd8e-4111-9ea6-336c864cd556,elemeNtz1n,br,501,2611,10,1849,52,1.15,49
e076b493-cf26-4d2e-89b7-b155f59f8576,Ziulfps,br,502,2610,10,264,62,1.44,57
96096d54-2515-49a5-96d0-28f829434aa9,zzzokkz,ar,503,2610,10,3015,51,1.11,58
648af157-90c5-4e69-b0c3-31ae037f4bae,coldzera,br,504,2610,10,1777,64,1.71,52
add9717b-a1d2-46a9-99f7-5d859eeceb0f,Pepezik4,br,505,2609,10,1983,53,1.38,50
e33317f9-7bf2-443f-aa47-217b2a891dd2,cutuca-utero,br,506,2608,10,277,59,1.25,49
dd057355-5ad5-4b32-b948-2ec560ef7a35,ur4n1-,br,507,2608,10,433,59,1.26,46
bd13e9ae-2c63-4ab7-82ea-0fdbba4cd934,fueleNt,ar,508,2608,10,1150,54,1.09,50
8ab896df-112d-4131-93f5-7c256f5e0ca1,nz1zinn,br,509,2608,10,1379,60,1.38,50
9c19a9a6-7a9a-4608-8121-c06013c5cbcc,pezetay_,cl,510,2607,10,635,55,1.12,58
eca5817f-27d4-44e9-8d08-1dcc3ee43bed,-RMN--,br,511,2606,10,1614,54,1.15,53
ce0ee051-88e1-49fe-8079-7b1a3e433a2c,mmm-_,br,512,2606,10,466,61,1.58,50
3e58c8bd-f6ee-4c29-9940-6b30dc46a2cb,-kidt,br,513,2606,10,446,55,1.35,44
3bf076dc-c000-427d-a98d-5eaf737d3a0e,JOTITA--,uy,514,2605,10,905,59,1.31,52
f851ed63-e8c3-41cf-95ef-83b3009b70a4,Calanguin,br,515,2603,10,482,55,1.21,52
93a7266f-d6de-4a55-8e01-fbeb8c31a763,-kid,br,516,2603,10,2523,53,1.15,55
8ebdaf2a-2ea6-4fff-b64f-ee42ee16a9ed,XitA,br,517,2603,10,1172,56,1.25,43
4a73d082-7dbf-447b-86ca-5f8cc6f649b3,HOMERSIMPLES,br,518,2603,10,677,57,1.32,44
c6cfc484-baa3-44c3-949e-27f09d148aba,noahhksz,ar,519,2602,10,2509,54,1.14,58
af660cbd-1342-44e0-9656-04a83aa12c19,LordVintorx,ru,520,2601,10,1242,53,1.17,57
5f1c579a-1be1-47e8-9a8f-39e84a333700,-_rx,br,521,2601,10,2759,53,1.14,49
44560db5-efb2-4e5a-8ca8-4df1511c9f99,-storm-,dk,522,2601,10,712,59,1.47,54
0292a3ed-0b6d-4625-9ab3-864555db4686,sTz_m0nst3r,br,523,2601,10,506,54,1.21,54
eed0e748-6558-461c-9c9e-2d9c2fb1fb69,preeh,br,524,2600,10,1308,56,1.23,46
c3d100fb-78a1-4ce4-907d-2db29ea6b5b5,H3NzZ,br,525,2600,10,425,57,1.31,50
dfefd357-f807-4f27-adb9-5ab2b9d4578f,spliff666,cl,526,2599,10,1380,54,1.13,58
1b7ce264-cae4-45c5-afb1-526123adaf65,-sickboyrare,wf,527,2599,10,3142,54,1.17,65
02ec0e68-e807-4dd0-b0d0-6e39d0c19bc8,AKEX_GOD,py,528,2599,10,1620,59,1.35,55
c6967ecb-d11e-4f37-85d3-3e4f397d0afe,TrrS,br,529,2598,10,1521,50,1.07,45
c189970d-9652-4650-9ca6-03571c102123,Annonimo,br,530,2598,10,1022,59,1.53,50
7e7cbb13-80ff-429e-bb88-fc5d72fc3efd,Pheox3,br,531,2598,10,329,59,1.18,62
7075449e-c87c-451c-a9bd-2ea89147f2fb,KING-137,ar,532,2598,10,1857,52,1.19,53
2634aed3-5fd9-4414-b741-a470dda18f82,Hosoya,br,533,2598,10,999,57,1.32,40
11f9f341-0803-413d-a85c-e039bc298913,Lucas3ds,br,534,2598,10,1065,54,1.21,44
5e7ad61e-a055-4ca3-aaec-28a283658f5e,Reixzao,br,535,2597,10,1318,58,1.22,53
7f293626-87ef-4702-a619-787152760052,pronix-,br,536,2596,10,1217,55,1.11,56
73a43933-075c-44b3-bd14-417dab8a7b94,ReLiiighT,br,537,2596,10,3210,51,1.14,49
22d5b526-a57d-4e7a-9182-78ecee1f2b79,chit--,br,538,2596,10,604,61,1.34,51
d75af3fc-83ba-4511-baa9-c58fb6179803,-jqn,ar,539,2594,10,2777,54,1.04,56
d70b5d26-d992-4d41-95d9-130fbc1f2599,Kayali,br,540,2594,10,905,58,1.23,51
b164ebd6-19e7-4154-830a-fbbc23265d13,Brunozinn,br,541,2594,10,1304,55,1.42,50
8588bbc5-a2ad-415b-b227-d894aeb71663,-rod1,br,542,2594,10,434,68,1.49,60
052f5029-b2d0-4a28-9f5f-074c19d244b8,pinheiropz,br,543,2594,10,728,57,1.14,52
8ad4c3a7-cf03-4c7a-a462-ddb8132ff2c2,tutehen,ar,544,2593,10,2040,57,1.2,51
a089279c-e5c5-4b6a-b6bc-2f83587b4ff1,atakami,ar,545,2592,10,2672,56,1.27,52
55c533f9-3936-446c-aa35-f5a63a94c2db,DROPWEEK,cl,546,2592,10,1029,57,1.24,55
6eb11cf6-5eff-4ceb-adf5-aa8f4f524e1b,lcszik444-,br,547,2591,10,598,57,1.26,54
1c840ee4-e9d6-45ed-b862-357bfc1d1c4a,rato--,cn,548,2591,10,619,55,1.16,47
27a31980-be97-49cc-99cf-4d9ea0fafc0a,dutzr,br,549,2590,10,1170,66,1.38,49
a05035db-4c32-4163-aa15-22401a480bf3,Ipp0-,pe,550,2589,10,2553,53,1.27,48
0bb5cad4-2315-49d2-a31d-f8ae03f2e01e,chuoz,ve,551,2589,10,1511,58,1.31,42
1d4f05f8-f4c9-49a3-92b2-aedf4ba7b67f,tWerrp,br,552,2588,10,839,56,1.25,55
358c1c8a-3aa4-4552-ad60-244ee5bd87cb,gdn-_,br,553,2587,10,838,55,1.14,52
d2d0dcd2-bdff-4831-ae49-2b04f246ca7b,hfgetpk,br,554,2586,10,397,57,1.41,52
709890f5-f2bf-41d0-a143-bf832921268c,Ton3Ladinha,br,555,2586,10,1357,52,1.17,46
52962fdf-cbe7-4d17-ba34-48bf71c2b1b3,hdk-,jp,556,2586,10,1182,62,1.3,54
fd982ad7-ab4b-480b-8304-f3e966b33135,Rhz-,br,557,2585,10,1646,55,1.07,57
1bbc8734-4481-4f9b-b5fe-c5a803fb012b,442-_-,br,558,2585,10,1282,54,1.21,49
75e7a1ae-fa11-4855-986a-ff3bbaabe23f,dozzzzcs,br,559,2584,10,2599,50,1.14,44
efb488f3-22e5-49dd-85b5-bf6df3d2ec88,tsug333,br,560,2583,10,1750,55,1.13,58
fb17fa6c-7120-4a8f-95d8-8fcc4c1e9037,veta_mirage,br,561,2582,10,2768,51,1.11,58
d8508cfa-7eaf-4c87-88b4-20a50e6447e1,ubahhhh,cl,562,2582,10,2449,54,1.21,52
ab962913-e7f6-4e1f-9ad7-05def62d842d,eoVintage,br,563,2582,10,2059,53,1.25,46
9d2e09fb-fa89-4564-8b4c-4759608a6d0c,frt_-,br,564,2582,10,475,55,1.21,54
d78049df-def6-4a76-b701-ab7b38e11893,-nachoutsuke,ar,565,2579,10,1549,57,1.38,57
81f3c51e-172b-4351-9541-ff90a40fef06,ICEmaker,br,566,2579,10,3652,53,1.18,58
a6c7b70d-59ef-40ad-afd7-d15e6ed18c8b,sanvine,br,567,2578,10,1354,52,1.3,62
a163c4a6-ad18-4d3a-bacd-1ce4e1e6b6da,em4n_-,br,568,2578,10,1979,57,1.36,52
3f2892e0-a991-429d-98c0-305cf99c591c,Peishoto49,br,569,2578,10,1483,52,1.19,43
8867dc6e-2851-47f0-9b4e-637f94aa07cb,mglx,br,570,2577,10,623,54,1.24,56
87ceef65-31a1-4f0b-93f4-515ada4734ce,Anyy,br,571,2576,10,1254,54,1.25,45
669bbbf3-05be-4148-b21c-36e8b4b3f2c7,thefamosagod,br,572,2576,10,1709,53,1.25,43
124af062-06e6-4bb9-834f-8ff15fc73b5a,Icepeek-,cl,573,2576,10,3113,52,1.18,57
d470c646-0d6c-43fb-aff6-e74d0c8172cd,lobinhogames,br,574,2575,10,1608,52,1.15,49
2b63b3f8-db74-4f96-9725-fe1f4adbc297,Lecz1n,br,575,2574,10,1317,54,1.1,57
18f3f147-4f45-4ae0-bf46-2ac3cd28aa81,felipex,br,576,2574,10,917,52,1.15,43
be945614-1a0b-4e4e-92f6-e981111d4e92,RasQ,br,577,2573,10,2429,51,1.02,52
9ffbcdda-2a4a-421f-b8f5-2341b48e7930,sakola,br,578,2573,10,5151,53,1.15,45
85366601-0b80-41a9-897f-c8cd9b0d1bb3,degez1n,br,579,2573,10,516,60,1.4,45
7a79c7d2-93de-42dc-bd22-3dcd68ebece8,wayyfps,br,580,2573,10,406,59,1.27,45
36e4d200-c1f7-45cc-b22b-3f7db3212a29,hzn,cl,581,2573,10,878,57,1.31,51
21310589-9fe3-4f17-887a-d643789780ee,Pantano,br,582,2572,10,885,54,1.6,40
639f1060-1dd2-4a3b-8a8f-88e863d300ca,w1v-,ar,583,2571,10,1518,52,1.21,52
e57573a8-1fb9-4af4-b7fa-0d38fbec3984,cesm_,br,584,2570,10,866,58,1.17,50
947d00f5-73f3-4d77-975b-22cc1bbcf832,it0z,br,585,2570,10,1219,52,1.3,50
946e467b-21f7-4c11-b5b9-a0914154b59a,CHOCOLATAO,br,586,2569,10,3614,52,1.18,43
f6e836fc-23e5-4a2e-9001-1ce1add1083f,punizin,br,587,2568,10,5234,50,1.17,54
f8ecf4d7-0eef-4ffc-9b78-999835870cf4,Circa1,ve,588,2567,10,1400,60,1.37,53
8587f156-4842-411b-bde1-4fdb59fe2b64,kNgV,br,589,2567,10,1838,58,1.35,38
d4d6d3ae-9be5-4030-8100-5999e0e73a45,KNCERATO,br,590,2566,10,1019,57,1.25,55
a0e4b825-433d-4434-bd60-454b7b1fb006,percsona,ar,591,2566,10,1111,58,1.26,58
7bedf689-6300-4657-a74d-2b4e200c9286,Panito,cl,592,2566,10,1372,52,1.3,52
6e72652e-dbed-4cf7-b738-c0670e7c0e0d,gonsuke,ar,593,2566,10,6622,52,1.16,59
17164ff7-5529-4cf8-be48-e76194a16ce5,raid-_,br,594,2566,10,4440,51,1.25,50
a1246bcc-df76-4825-b155-37d084c650fb,choe-,ar,595,2565,10,3154,51,1.06,55
9c4ec87c-90d7-468a-bcb7-7cdd5a166247,halfxx123412,ar,596,2565,10,2077,53,1.23,56
2f8f20bd-4436-4847-a639-c0b7aa0c0a29,nasdy,ar,597,2565,10,3821,54,1.31,55
028a9c55-b2e4-4e15-8b70-0a0b98d76b64,maybebetter,ar,598,2565,10,830,55,1.39,59
8e6ab51a-a113-4d0b-a052-8bba8f436590,ems-,br,599,2564,10,1538,53,1.09,58
47325ae9-88c2-403c-a288-6185feaf7556,cht,br,600,2564,10,1881,55,1.08,50
0a6dd0ab-51fb-4a9f-b598-c6371cca914e,Evaveheq,cl,601,2564,10,3949,51,1.1,59
a90e2635-eb42-42b2-bf99-71c97b2a362c,dabliw666,br,602,2563,10,2907,51,1.14,50
2e81daa2-0764-4a86-9064-4256d1cdb034,pro123-,br,603,2563,10,950,55,1.31,51
e8fede63-9a3e-4a33-a589-765b91f68521,yquf,br,604,2562,10,377,63,1.43,52
c8c2f6f2-0292-41fb-a2a8-8c1b6f54d7e0,zLNN-,uy,605,2562,10,3236,55,1.14,55
b6e0b182-5813-4b87-89d2-aaea421a2ed7,Hanzo----,br,606,2562,10,1533,51,1.17,50
4663efb8-530d-4f42-b26a-eb026ad00e9a,suNdE_-,cl,607,2562,10,2966,51,1.39,44
f81b5e04-2f16-4371-b62f-cb0afa449444,vi-,br,608,2561,10,319,63,1.37,47
b873c3aa-a0c0-4298-b9f4-7d508d1ee304,fusco,ar,609,2561,10,4774,52,1.16,60
ae825d51-2296-410d-926e-4b15754c5f23,CAIOWOW7,br,610,2561,10,2668,56,1.28,46
9b9bd730-053a-4952-a3e8-49b6eb8af064,aDrS_-,uy,611,2561,10,1866,54,1.15,45
1551dd4a-45a9-41c4-9624-33859bb12226,gnaa,td,612,2561,10,2386,53,1.26,62
dd51b43c-84dd-48f5-844b-7b09f2e5bcae,hempzK,br,613,2560,10,1232,56,1.29,49
cd339dc2-7ed8-4634-89f4-3231d70fb2a7,PoncerAA,br,614,2559,10,567,56,1.26,43
b6fe456d-e793-4af8-9229-5eacca75c3ac,FvN-,br,615,2559,10,1549,52,0.98,55
8f13dd96-4ca6-4770-8177-0c3dd5cb8fc0,ntkzin,br,616,2559,10,454,61,1.46,44
7ac1e9ba-9f16-4b0a-ab84-10150f5e7ec5,FrG,ar,617,2559,10,1405,52,1.17,46
647ff9a4-5ded-4517-9e3a-a8b65fc6c152,--PdR-,br,618,2559,10,864,56,1.11,44
5e554d38-224a-40cf-a528-9e80662657c0,-Behh-,br,619,2559,10,1547,52,1.09,47
3c483b53-4790-42b6-9ff7-2929130423c1,MrBrax,br,620,2559,10,564,54,1.27,45
f325655a-923d-4a81-a4bc-26fdccbcfb9e,Bliteraa,br,621,2557,10,621,55,1.24,62
b4bd1c70-0a96-469f-b107-f92cf75a280e,riechi-_,br,622,2557,10,1340,53,1.13,51
627c7bfb-4261-481e-84d9-200a4cfeb5fd,Luckx-_,ar,623,2557,10,827,54,1.3,55
491f98d0-39f2-4c9b-9fae-cbbdd637dadd,angelz,br,624,2557,10,1223,57,1.38,38
d8b4c2bb-aa74-480a-819c-cbec97c2be06,dv_-,br,625,2556,10,2592,58,1.18,50
b939ff86-9b08-456e-b131-1cc820e1df2c,EZODIO,br,626,2556,10,1534,55,1.24,53
9ee595e9-3c41-4d32-979d-3f29d0318aa0,RemCs7,ar,627,2556,10,3672,52,1.32,44
694fd04d-f79e-475a-8721-cf2dd5c4e1a3,Comuna,br,628,2556,10,862,53,1.15,53
023d6972-6d4a-4e76-946d-72188d980226,rayu-,br,629,2556,10,1055,56,1.3,39
ea2df219-e47f-4a80-b471-fa7be5a1dcb4,Modus-__,br,630,2555,10,989,52,1.2,51
8bf56a59-7169-43ee-8536-8f13ff02adc2,nikito,ar,631,2555,10,2655,55,1.35,53
43ad9a88-0227-4c7a-94fb-5da936ffd938,bulletzin-,br,632,2555,10,1462,58,1.25,51
2d5ab4a4-0c23-48d1-8ca1-0e977a5c0be0,ninezeraa-,br,633,2555,10,2269,51,1.37,59
0bac9a28-b97a-4f76-a55b-1428ae583431,boke,ar,634,2555,10,1866,52,1.19,55
a8513b3a-c641-4cdf-904b-4db924d42e0f,gued3x,br,635,2553,10,1110,53,1.22,39
92fccc4e-98c7-4ed8-961f-f96074b01375,GETARES,br,636,2552,10,2280,54,1.27,56
4b3833df-314a-440c-8197-9a146a4c0034,m4keover,il,637,2552,10,1752,52,1.25,57
c6d2d485-19e3-4ac0-b3b5-7858d6424993,angeldust-_,br,638,2551,10,486,62,1.24,54
597b061f-d819-4a7d-84ff-83e848e14a79,juka-,ar,639,2551,10,808,58,1.96,29
ad0f1682-98a0-457c-bc37-4748b05a14c7,endsnear,br,640,2550,10,1909,51,1,51
7d92cbd6-0bfc-4e5d-966c-9c0fd0e3be6b,eandii9,ar,641,2550,10,704,56,1.28,56
04165a05-8912-434d-ac03-15fb0c66f7f3,jurandir-,br,642,2550,10,569,56,1.24,51
8c789d6e-780e-4703-9928-96f3ec35d985,lovee--,br,643,2549,10,477,62,1.38,48
73402e90-4be2-41f7-9f49-feee7d3b6646,tinen,br,644,2549,10,811,57,1.4,42
181fc04a-311b-4f8b-991a-b2ae9d3a8c6a,fbz,br,645,2548,10,6124,49,1.05,47
f880679d-4ce5-40e5-bfdc-3a48b0390171,finaI_boss,pl,646,2547,10,3600,59,1.34,49
d0a05d5b-59ca-407f-9957-cf65232b3812,NCO-,cl,647,2547,10,485,57,1.37,52
aacc5c63-7ee6-4b74-870a-56af584b22bf,emi-sz,ar,648,2547,10,1152,53,1.33,43
a980e8f9-e34e-48cf-af6a-3bbac420b1bb,maaaaaafs,br,649,2547,10,555,56,1.46,49
d8ae3f93-461b-47df-a2c2-da6e519776a6,twenty-,br,650,2546,10,2555,52,1.19,51
57ccabda-5487-4d9e-b93d-74330a68adb9,LINHACHILENA,br,651,2546,10,2223,51,1.12,48
4baad266-5731-4eb3-9604-4e67146d621f,mm2n,nz,652,2546,10,1350,51,1.2,45
c99baae3-7e8e-4758-840e-f25c5edb9926,arielasso,ar,653,2545,10,5207,52,1.3,41
5dd06399-1ec3-41c5-a2f7-e6b183b85c8b,purity-,br,654,2545,10,410,58,1.38,49
c5761186-fde6-4d60-a0cf-a94fbfedb212,Renenzin,br,655,2543,10,110,72,1.48,44
b13e1949-13ab-4364-8653-61134b1bc7d8,Deevi,br,656,2542,10,668,59,1.38,60
a28ecf45-1eb2-4fdb-a360-f54151233240,LeoCHILL,br,657,2542,10,3773,51,1.01,45
7be8758c-478f-492c-b609-40137d811c4b,tronbemfofo,nz,658,2542,10,1639,53,1.15,52
60f66e55-d86f-4d44-a098-7a1dd265b770,pakit0-,ar,659,2542,10,1974,53,1.18,47
5e4ba0d8-aeb7-4fc1-9a3a-ef6881a52f8a,Lukaz-_,ar,660,2542,10,1638,52,1.25,52
4c8f1d39-2dd1-444f-92cb-bb1e3fe6b576,nightz7,br,661,2542,10,616,57,1.17,54
eb01a0cb-2730-4a6b-b2ae-cbad30af725e,antimedia,jp,662,2541,10,2566,53,1.21,56
d83307a6-2b49-4dac-8fd4-d31818cfb93a,RodrA-,ar,663,2541,10,941,54,1.31,49
ba3ecd92-07a6-420e-ae40-45da97a2254c,not-,ar,664,2541,10,2762,52,1.2,53
3576867e-4ae4-4624-b881-36cefcac5ca5,LEO-MESSI-,ar,665,2541,10,3914,50,1.05,51
2a6e66c2-babf-4736-a7fb-d9218cdf6ada,fox--,br,666,2541,10,1888,52,1.21,44
c3816426-8ab3-4946-94a0-dc85bfec5464,azahel,uy,667,2540,10,4761,52,1.29,54
708da4c3-9772-4648-ba3a-475678249585,limb0ssj,ar,668,2540,10,921,54,1.44,56
99f4f67b-e14c-456c-848c-7508020eac23,-tw1stt,br,669,2539,10,1081,56,1.27,48
34fe2e96-82fd-4a6b-bac6-3469da024e79,Junimm,br,670,2539,10,280,63,1.51,49
150d2c2f-1a80-4224-bc83-a863d5ed5bd7,danilonand,br,671,2539,10,799,58,1.1,48
ed4bb7dd-7da1-4c24-b8b2-f136c80f599e,Zoo9-,ar,672,2538,10,246,64,1.24,60
84f9060c-3823-425f-86ce-17cbb6a0ed38,pindura,br,673,2538,10,383,57,1.25,52
7e567322-9911-4e17-9d01-fee85545f214,tONISSJGOD,ru,674,2538,10,2620,52,1.19,58
52b06be9-b0b4-49c1-a882-6b9039110034,El_Master23,ar,675,2537,10,904,54,1.49,51
0f0559ed-70ed-4e9c-b87d-443bf07d6714,Lowz_-,ba,676,2537,10,1039,55,1.28,52
eb9b6a77-be43-496a-a66f-aa37f7d12a26,nisteee,br,677,2536,10,762,57,1.34,42
e3dd8c29-db36-487f-9488-18e6dc10e30a,Kircks,br,678,2536,10,443,55,1.3,49
c0fbb5dc-ccf5-49b0-9c74-cf477abe3d6d,-Shin9,is,679,2535,10,2704,51,1.17,58
c91d377b-015f-45ab-b4b8-85e839a54020,euq1rneeH,br,680,2534,10,2758,50,1.07,49
c5e7db9a-49c4-4ee0-b852-cb4efae6a193,Lukz--,ar,681,2534,10,1344,52,1.27,59
3ea9cdde-0883-4092-b58f-d7af00ee6151,kinne666,ar,682,2534,10,913,54,1.55,46
f474e6e0-af34-464a-b387-8103bf17aec7,Ale-_-,ar,683,2533,10,2615,51,1.24,37
ee4d0675-d8db-43ea-8137-390f4a9277d0,frostezor,br,684,2533,10,7578,50,1.04,54
d613ba91-f4ad-45f0-9b8f-5dd11a52f085,aert-sezaxac,ar,685,2533,10,10931,53,1.13,53
688d2405-1019-4cef-9b67-7ba4dad3bb3f,wWest-,cl,686,2533,10,1437,52,1.17,58
4f9bb7e8-7644-4ed9-91c1-cc259533a2b9,HarryPotter6,br,687,2533,10,2378,55,1.22,53
16629e6f-932f-4438-a5ac-cc965f11ae74,_Reset,br,688,2533,10,3630,51,1.11,55
ecd2dd15-3fb3-4709-9010-22e0f10d6f00,nikko1-,ar,689,2532,10,1004,57,1.32,51
e3fed378-7936-42f3-9bd5-21d5bf9820d1,djozepsz-,fr,690,2532,10,236,58,1.5,46
74c668f3-df23-4723-b13a-8bd943e7ee55,FiscalDePug,br,691,2532,10,1111,53,1.16,59
56d820a9-3417-4748-9dda-a02376900c7a,Schus_,br,692,2532,10,961,56,1.46,45
4a039713-74fc-44bf-b4de-60e5f99d1aac,tcw,ar,693,2532,10,773,56,1.25,50
2324f97d-0285-42a2-af4f-c9ea324914bb,blessedboy,br,694,2532,10,2004,57,1.25,52
185f5feb-0b84-4147-9b48-276d95fc64e8,falze,br,695,2532,10,1332,55,1.13,45
f5257575-f3dd-419f-b420-faf9b786ad51,kikeScope,br,696,2531,10,1589,52,1.28,50
1cad2faf-7f04-4117-b78a-ca53f448fd03,mds----,cl,697,2531,10,750,56,1.45,54
f981ec1b-8975-456d-a46d-1dd35fb436c5,ukiton,ar,698,2530,10,1068,58,1.34,52
5b3a5cd9-250b-4b95-9b73-a8eb7d8db1d5,modomexicano,br,699,2529,10,2482,52,1.2,51
db7405ce-feae-47cd-a77d-edf770771d4d,nesh-,br,700,2528,10,806,58,1.28,48
f4e5c15f-2238-4d27-8fa7-1753326900ad,pz579,br,701,2527,10,1763,52,1.1,45
e90b349d-d3ea-4ea1-b5ad-51adb61b131f,vtnz1n,br,702,2527,10,1184,56,1.06,54
c2f9a142-624d-430b-8939-ad1b81f8222a,Wings,br,703,2527,10,1668,53,1.47,52
5934fc13-4e5c-4c0d-bed8-a0d0d9037ee3,peixoto,br,704,2527,10,2455,51,1.11,59
460df84d-89dd-4d21-9b8a-a2f0964960f8,dpziin,br,705,2527,10,2463,52,1.05,54
7011fd02-0ed1-4406-b6c4-b32e3f20b5d2,claudinh0o,cl,706,2526,10,1445,53,1.25,55
640b1536-7fca-4973-a888-28c08ee4fabd,PAZ-_,ru,707,2526,10,1097,52,1.11,43
484d0c16-6919-4151-83f7-e76ac176b117,chu3-1416,ar,708,2526,10,7203,52,1.06,51
fe8d1827-8c30-4a0e-917f-37cbc793873e,H4DOUKEN-,cl,709,2525,10,2304,53,1.18,48
d855f8d4-fe27-4220-977e-1ccb0c25a37f,doutor,br,710,2525,10,2165,53,1.15,52
73b68208-55fe-4396-89bf-34196dee9a7e,Guionix,ar,711,2525,10,1633,52,1.26,48
5dc75689-8c79-437f-a9cd-372c4afc6f15,neskTRZ,jm,712,2525,10,1631,54,1.24,37
f975100d-036c-4430-8166-7fe316fb3e41,senescencia_,br,713,2524,10,1213,54,1.17,54
b09ba855-7e3d-443d-9fd4-bdade84df6b6,kns-_,tf,714,2524,10,399,56,1.25,56
6dc9bce7-b03b-4e1a-b434-1f07725889b3,mgL-aa,br,715,2524,10,1123,56,1.47,43
4bdf9834-d8d4-4071-a7ac-7db05ae080c7,neriwnl,br,716,2524,10,1218,54,1.3,51
f9896941-6726-414a-a852-49a006cae819,LzRuts,br,717,2523,10,1077,53,1.19,49
f5a69b34-5642-4130-8cf4-eeb526e82b98,zock9,br,718,2523,10,4079,55,1.17,42
7380b960-9a2d-4eb4-be85-e825b68fad1b,skuull-,br,719,2522,10,1646,56,1.29,47
490525f0-05e5-466c-bfee-55bb861fea00,jefy-,uy,720,2522,10,933,58,1.45,55
7d3d1c1e-0fc2-45ac-8150-558a527e57d7,KALASHAO,br,721,2521,10,2219,51,1.12,46
4c79c195-dd3e-498e-8c50-fa099f233d11,jhom,br,722,2521,10,1019,52,1.19,50
2fae7130-54d8-482f-92b4-dca96217c836,XISTERA,br,723,2521,10,603,60,1.05,40
2c354825-d516-4daa-b37a-af9fcfd1337b,Hash_-,ar,724,2521,10,1460,51,1.22,57
ffc348d4-9928-4c94-ba56-1a7afff1baf2,hznn-,br,725,2520,10,1233,56,1.07,48
869fe78d-6322-46b5-84f0-816025705fb2,barthz1n,br,726,2520,10,434,55,1.28,47
299c8457-bdc1-4d0d-bfea-9dc0b0ffd8f4,vinicolas,br,727,2520,10,1503,52,1.18,53
93902a11-58e6-4d2b-87a8-31bfc170d6fc,didio,br,728,2519,10,607,54,1.14,57
5622bb2d-d5c0-4dc7-b396-de2030be54a2,_LTR,ar,729,2519,10,959,51,1.12,57
14f9dac0-0ca0-4f69-b212-a18b17354675,rT_,br,730,2519,10,1646,53,1.16,51
a9976058-5fb1-4cdd-8076-f1f0bd029ff2,ross333,br,731,2518,10,1181,54,1.11,56
870194bb-3d2f-469d-a90d-604667b98e64,fodaseVC,br,732,2518,10,1474,53,1.2,52
44ea7269-e3a3-45bd-987c-70dc227bdf56,whernyst,cl,733,2518,10,871,54,1.46,47
f4215bdb-63f4-4379-b413-fa9f925d7436,pfn_,br,734,2516,10,978,52,1.06,54
e3a3c368-fa29-48a7-91d4-001815031014,BruceWaaynee,us,735,2516,10,823,53,1.17,75
4776acf4-a3d9-409b-b3f4-6b05aa17e7c0,Dewe,ar,736,2516,10,3396,53,1.2,57
059a67c7-8585-4c96-8961-a7ff5ea65cc2,Abomiinable,br,737,2516,10,355,61,1.19,46
9b967b95-5212-4386-91e6-9617abffd007,akyrtempestt,br,738,2515,10,252,60,1.5,52
92ac2ead-ce10-4bb1-a7ec-bb63fecc2d54,FryJESUS,br,739,2515,10,975,52,1.2,50
f0963695-39e2-499a-8299-2482f6a07b28,Photi,ar,740,2514,10,2101,50,1.1,53
c6000f29-587d-45ef-a0a9-c9755c0a156e,rapha-,br,741,2514,10,202,65,1.32,52
5fd13755-758e-4d32-b3ba-4bb993005734,br1,uy,742,2514,10,3235,51,1.17,51
ffe514d9-f075-4bfe-b53d-e33cc616be7f,baygon,br,743,2513,10,965,55,1.21,55
6179b94b-7e0b-4729-8bbd-14b4914fefe2,adryhz,cl,744,2513,10,833,53,1.17,55
48ea4b30-57c7-4c46-8b45-5972394ad464,gAtito-,ar,745,2512,10,1074,57,1.1,58
2d7a0aea-18fe-4fb2-97d3-0272895ff13a,Luqueba,br,746,2512,10,771,54,1.18,58
207d9d58-813f-4a08-8b79-6dd9307bc1d7,mugree,im,747,2512,10,1404,52,1.17,62
a3a2541a-fd48-484f-a291-4a74ad9403e5,nibb-,pt,748,2511,10,2023,53,1.12,53
876626d2-7e44-4287-bc06-0d6e2987047e,Humblegod,ar,749,2511,10,2183,52,1.16,54
80581fbd-ab8c-4d6e-9f73-343fc5585757,OREIAZZ,br,750,2511,10,634,55,1.27,52
403a6ee2-959d-4476-83c7-33c5aae29b6c,hass1m,br,751,2511,10,1811,53,1.31,55
d2c2ed9a-b16e-4246-99e9-73bd90eec658,pabc,ar,752,2510,10,1541,51,1.26,52
1a7e2f8c-ecd0-4fa2-aba9-ef387cc23cda,hArdBahia---,br,753,2510,10,2096,52,1.21,50
14474af6-b45d-4699-a15d-0cb0befa5799,KZN1,br,754,2509,10,735,57,1.17,48
02de2765-782c-4d69-a358-4bcea524d3f6,Flowveeeep,ar,755,2509,10,959,53,1.2,51
fc094368-f7b5-4007-af07-153b429aae2d,Starman,ar,756,2508,10,785,54,1.1,52
ed6299cf-12b1-47d9-9008-597ae5b957fa,b1gdeuS-_-,br,757,2508,10,640,57,1.15,50
5777b657-49cd-456e-80d9-0cea6767d4ea,unforgiven__,br,758,2508,10,1151,56,1.33,53
4b4c1496-3be4-4d06-9d6f-0aa5425a34a7,leaz_,ar,759,2508,10,1527,54,1.21,52
91c60689-e930-44f9-9522-18141cfdb64b,MANICOMIO-,ar,760,2507,10,1777,55,1.24,53
8b4beacb-91c6-42c1-a360-2fd27118b368,yrosnam666,br,761,2507,10,1395,52,1.12,53
250e8d72-011a-4967-b54f-2c7e17cedf03,elmarron5000,ar,762,2507,10,6709,50,1.08,52
222abd8a-9d84-491e-8e0f-85568fe15375,Fury1998_,br,763,2506,10,1356,51,1.28,44
f5a68e3c-549a-4578-bf58-e9548e13de7a,-silva333,br,764,2505,10,170,66,1.5,58
d1dde7d6-477c-4f8f-9cfd-e5d6acf0fb1b,BrunoSena,jp,765,2505,10,1933,53,1.19,46
94435748-5f5d-4eb1-9260-e78d43ab22db,Roud4,ar,766,2505,10,1315,55,1.14,43
6ee5da81-75c8-4cc1-824d-953ca45647c7,joaquinnnn,ar,767,2504,10,738,54,1.09,47
566b1632-352e-423d-8955-226e5a98bbe9,-gABu-,br,768,2504,10,739,54,1.28,45
4e666d2b-11ac-4ed4-9546-ed0737e4800c,KurrTzin,br,769,2504,10,1466,54,1.17,49
d5493706-352c-467f-ba02-bc59620ad255,pvL,br,770,2503,10,902,57,1.18,55
6af6333f-69b3-40a0-8d55-8c4f7c1a244b,trax,br,771,2503,10,3443,50,1.18,49
9b03f3e9-6932-487c-b444-5fd5d3a50e58,TXXX,cl,772,2502,10,3025,51,0.96,51
64a0d840-24f3-449d-b464-e9760a39b93f,cLLLd,br,773,2502,10,1260,58,1.36,57
50e9a4b5-a35d-4bb6-a4ab-184e22bde4d7,nt_--,br,774,2502,10,571,58,1.42,57
39bee079-c467-4f01-a607-a968ca485413,renh4,cr,775,2502,10,955,54,1.07,47
72230d28-5a52-4258-a871-6329e06ef433,Fradique,br,776,2501,10,3095,50,1.08,51
6df8f4c1-9bd0-4f79-833e-5b296cca8271,Invic7um,cl,777,2501,10,680,56,1.24,48
e0b1e899-e2a2-45a4-ac08-3e9638ab06c7,abegAS-,br,778,2500,10,2990,54,1.11,45
b8dcd937-85e5-441c-ab06-8dc4dfd30820,g4bszz,br,779,2500,10,815,53,1.25,56
b600e756-4757-4d08-af47-fe3db665af91,0ueota,us,780,2500,10,2198,52,1.27,59
90df2bee-0df0-4b89-9b8f-6489c6b436f5,VG_1,br,781,2500,10,714,54,1.15,53
2767c36d-4f1a-4e90-9164-b215414a1cb6,lukaazera,ar,782,2500,10,572,53,1.19,50
23c2afb9-58fa-4acb-a647-1cf9370ad754,gris,de,783,2500,10,2536,52,1.29,40
ef4ce444-c592-4bd9-a559-3b642c3c60ca,ZYXCVN,ar,784,2499,10,5438,55,1.11,52
b6d041c6-3ffb-4e05-b64a-4823045aa6f5,_CUCHO_,cl,785,2499,10,1587,53,1.16,58
b9d052f6-e752-471d-b7e0-92d11a58d0f5,nexz-_,jp,786,2498,10,428,58,1.31,48
17bba3e7-8731-4f9a-9ea4-6739fd909ec5,balencywgap,br,787,2498,10,4283,57,1.1,44
f39ba852-3a74-4c12-be28-d9d869f2476f,KBR,br,788,2497,10,437,62,1.56,39
a7b0e05d-f15a-4264-b5e7-6e2a35a5c37c,tega10,br,789,2497,10,2224,50,1.11,51
8a2b5a1c-3372-4193-b68a-05787d5905a7,andreyzin-,br,790,2497,10,936,56,1.38,51
30fa8de1-a6ad-40a8-861e-07975a3fac8a,CAMP3,ar,791,2497,10,2815,53,1.46,54
300ba6a1-1478-4981-9c2e-50e6e1553afa,-_-M5,cl,792,2497,10,1184,54,1.2,56
d5862121-3edc-4129-b350-a135a7f47e3f,fzkk9,br,793,2496,10,1717,52,1.08,47
2853b294-cf1c-4af7-a7b2-68f3da1db1c8,LeporkJAMES6,ar,794,2496,10,2682,56,1.16,48
266cd1f4-e11e-4e08-887e-129c2895dfc6,-ryze,cn,795,2496,10,1692,51,1.17,51
6276ce80-754e-4760-9057-746ee25a8d1a,-_mello,br,796,2495,10,3117,49,1.28,50
e948f768-c7b6-4f6a-90e4-cd27f6356b7a,Dzhelz,br,797,2494,10,933,54,1.15,41
d12eb78c-25e1-49e8-b759-633f24d8bb69,Inset0,br,798,2494,10,1380,53,1.37,50
a95a053d-648d-4d6b-b5d3-a05f94d0c86a,alexiss-,br,799,2494,10,729,54,1.15,50
20ddf876-97cb-4097-9b37-5c378f14f2be,NaHuu-,ar,800,2494,10,1149,50,1.48,54
0a53342a-af1b-4833-a893-29da122d82ed,-ssg,ee,801,2494,10,2286,51,1.19,45
dcda3d6c-2739-4324-b192-231ea3e055d6,Reuzz,ar,802,2493,10,805,51,1.21,58
3f47c21b-67a8-4cc3-8ec8-0699badefa31,haroshpopee,br,803,2493,10,890,53,1.27,55
c0d9e777-e663-4bd0-8929-ab72b182f504,yYuki,br,804,2492,10,1074,52,1.12,51
c0a8ffe5-ff86-46d1-9a30-725c1fd77ade,kevenbnzzz,br,805,2492,10,262,58,1.41,41
9174c529-11be-4a4b-b17f-74dfe483cbcf,mtsw0w,br,806,2492,10,455,54,1.32,53
65ea5e60-4841-47f6-b528-e6ea36fc04a9,gurking-,jp,807,2492,10,1000,52,1.18,56
3477069f-01e7-4899-808c-281926278340,cartier_,br,808,2492,10,451,59,1.2,58
e23c47fa-d914-4677-8a40-dd4703fc972b,ninex_-,br,809,2491,10,1041,54,1.24,62
aa760b20-9541-44d9-9b78-4916027eb535,dxoseN,br,810,2491,10,2310,56,1.19,40
4d05b82d-dcb7-40b6-945d-0f64c1f16fb9,krstz,br,811,2491,10,791,55,1.18,54
f78eaa54-a11b-4d0f-bc66-31e6b6ce11cb,BADFACE,py,812,2490,10,896,57,1.33,48
cf790431-7bbf-48c2-8d20-560ca38f7c69,Dub3m,br,813,2490,10,721,55,1.32,55
e292659c-8d7b-4fd5-9974-60e39f032753,t1njeSUS,cl,814,2489,10,1597,52,1.17,53
6565e7c0-8159-40dd-89d4-3b2473490bbd,1teleco,br,815,2489,10,1686,53,1.27,44
22872225-b031-4430-b089-81ce8939fdb9,Ramiraz0,ar,816,2489,10,836,56,1.36,59
e681aadd-079a-4b6b-95e7-a8499ec76975,hardd-_-,br,817,2488,10,744,57,1.35,53
b9e3cb77-d5a2-4288-b8e7-efaf782e95b6,rAiO_p,br,818,2488,10,730,62,1.56,52
6aff66fb-c074-46c9-92b9-3ac2e43f28f4,MontiGalarto,ar,819,2488,10,778,51,1.49,51
685c793b-753b-4c77-b6a6-ca1ab81cd702,serjof9dase,br,820,2488,10,5040,52,1.08,47
0176dc34-4bd2-4431-915c-e11aeb46cd17,Andru-,cl,821,2488,10,617,56,1.28,49
e1536922-24ae-4854-ac26-e198aacd9ebe,thz,br,822,2487,10,2017,52,1.62,45
a8dae851-5d57-491c-a530-b87e8ceab395,Estressadoo,us,823,2487,10,390,57,1.26,50
8f370f1e-1701-45b7-bb6b-f01d5f2385e9,MESSiDeiS,br,824,2487,10,1132,55,1.3,48
38bfe2a1-da95-408e-8482-33184ca71abf,YUKINDAR,jp,825,2487,10,1483,52,1.23,47
2a046db9-1e57-418d-ae89-0faf5ac06221,FVCKLUV_,jp,826,2487,10,1908,53,1.27,47
9f5d946b-5e0a-4c05-9e3e-67382432cdc1,GuiZinn,br,827,2486,10,564,56,1.18,56
7cacf25e-5632-450c-9d69-659086e7838f,SkyDeaD227,uy,828,2486,10,1056,52,1.35,48
e900d429-118c-4505-a089-6094c3e3a420,stavik_,br,829,2485,10,988,59,1.33,48
4b4acaab-b58a-4974-8b35-0294e3511649,BIANNCHI,br,830,2485,10,900,54,1.04,51
e2c1e4fe-4ebf-402b-8d5e-798ad9a9220b,RoDfps_,br,831,2484,10,3895,54,1.16,49
af11effe-b259-4c2b-b251-94bc7ac29d9f,-_LZN_-,br,832,2484,10,1568,54,1.18,54
39588f5b-006b-408f-a465-05ecbc297e3b,Acdpowaa,ar,833,2484,10,1644,53,1.19,51
d88e3bf8-41f7-45fc-a189-0d0e1024aca0,jjimmymcgill,br,834,2483,10,455,55,1.23,43
72542935-7657-4a34-a3c9-5f423b2c41fe,shotyzz,br,835,2483,10,742,53,1.08,60
0f34121c-50d1-45d8-9c5a-16451e79bd14,-chroN0S,br,836,2483,10,502,53,1.36,46
2dbc4146-18b9-4ac3-b539-75eff4f4c83e,lin666_,sc,837,2482,10,881,53,1.26,51
0d6db87c-01b9-4704-bd73-0154991e1f10,DEXz--,us,838,2482,10,2265,52,1.17,44
01872b12-4734-4ad2-b3ba-ce5c6b45f873,swagR,mc,839,2482,10,1764,51,1.11,58
f4d9c0be-3a5e-4b82-89bf-5674010ac200,BcKZz,br,840,2481,10,189,65,1.32,45
dfa8ef45-7dd6-4dea-b3af-3bc0025e9a94,veroneze,br,841,2481,10,560,54,1.37,52
b0dfca2c-f31f-480f-a8a3-7fdba0bf2744,Jah-ras,br,842,2481,10,1650,54,1.37,47
64f7ae84-c889-4019-b62a-8895082ffa47,nordin,br,843,2481,10,2049,52,1.18,46
d70659e7-c547-4cef-a09e-8d6a13110fb4,diuva,ar,844,2480,10,2372,50,1.13,57
b642c8a0-ed0f-48fb-81e4-7cd69b6fe94e,nonStoppppp,br,845,2480,10,985,53,1.13,51
8d7d936c-53f3-44ed-8058-12b1e679b103,luly67,ar,846,2480,10,1396,57,1.32,51
8b988b20-3741-4a8c-a5af-6c48f85031c8,LUIS-snnM-,pe,847,2480,10,2970,51,1.21,53
85bf2ef4-0c4c-4b39-a980-0eeeaf473b83,brunoM,br,848,2480,10,9521,51,1.04,40
0ae8aa9f-9172-4ff9-a60d-d5cd26db9884,13ray,ar,849,2480,10,2159,53,1.14,53
eb3b7581-1711-4142-bcf6-2b98bf246d56,titanio,kr,850,2479,10,827,54,1.27,48
d4045635-9209-4cbf-bfeb-f67f7d44f563,N0T-AFRAID,br,851,2479,10,763,53,1.33,43
1e9df6a9-6a08-4afd-bdd9-1a9c2a6a8694,__hanzo,py,852,2479,10,2810,51,1.08,53
a53545e6-6db2-48ba-a57b-0ebba175c8ca,St1rkzera,br,853,2478,10,2249,51,1.15,53
997063a4-d3d3-4a95-acb3-0853ea25c28c,lopes_-,ee,854,2478,10,579,55,1.37,55
4211283d-acbf-4f92-a64c-b49bb038aa76,ArchoNNN,br,855,2478,10,3220,50,1.13,52
c6694f7e-683f-4b33-a6af-b2adf1a6253c,duk77,br,856,2477,10,1758,55,1.17,49
4d1c2217-3439-49a6-b14d-b2163a0f7b11,SnopNTC,br,857,2477,10,886,54,1.2,59
3f8790a8-486d-4b96-ac11-c8362ef05a87,-_-sk,so,858,2477,10,2706,53,1.2,44
37761da3-9885-4ba5-b8a4-62785a543654,RETR4SAD0,bo,859,2477,10,2481,51,1.11,50
03fd5d4d-d4ca-4eb9-871c-1b7038ceefa3,V4ND4MM3,br,860,2476,10,705,56,1.46,49
f27ac2cf-d6e5-40a5-ad5b-d1eb92b4ae87,-cheto,ar,861,2475,10,2975,51,1.12,59
7bc914be-6e4a-40d9-be53-9a10e5b7c11b,Guizardi_,br,862,2475,10,706,54,1.36,39
4a40968c-3ec5-4830-a34b-d3eb690366cc,devas-,uy,863,2475,10,1519,55,1.2,46
3e4dcc9c-630c-43f3-a9ed-fa6469541c36,NLZ--,ar,864,2475,10,1129,52,1.26,57
321d596c-d50e-4f76-895e-94e1079d288c,sup-_,eg,865,2475,10,2810,52,1.15,63
13243b50-2738-4b79-85b7-19215aab8880,serialmogger,hk,866,2475,10,742,56,1.24,51
0d0d0fd6-717c-416f-895e-db1ab10046d6,YEAH1337,br,867,2475,10,374,61,1.53,46
c0caaa27-8c16-4894-8c68-617e9e2ec38d,hypnotizeee,br,868,2474,10,473,59,1.32,46
74aaabf3-2e81-4796-9c70-792e6a981afc,mimiii,br,869,2474,10,191,65,1.27,49
57cc90c9-adde-4cfc-a29c-3b587c283952,shewant1221,br,870,2474,10,1208,53,1.11,49
29c659ab-6487-44d0-9747-9c038e8021f1,s27ec3,zw,871,2474,10,875,54,1.14,54
8c8abec3-0928-47c1-a33e-e5edc12e5d94,-20y,ar,872,2472,10,1960,52,1.19,51
614287c5-0c12-4b24-b299-c4f3ea555b25,Nog,br,873,2472,10,2550,51,1.15,43
ebe68098-51ad-4b18-8185-187a580122a7,-Marcosss-,uy,874,2471,10,975,52,1.34,49
640c2483-ba5d-4ab3-ada0-6591b432217b,LEABZINHO,cl,875,2471,10,1032,53,1.05,57
5e694c68-91af-49d8-92f5-c41a1b6c1e62,nAdA_bObO-_-,jp,876,2471,10,2091,51,1.21,44
4feaf671-e869-47fd-8f75-0e86303a23e8,fabiiork,br,877,2471,10,470,57,1.28,41
2135910e-2186-4c12-ab4b-04decce279df,anchor77,br,878,2471,10,836,56,1.51,52
04642807-5145-435c-ab0a-8e247814b4f5,znzik,br,879,2471,10,347,71,1.26,51
275312e4-8501-44e8-983e-9ecf51c5df80,alepitox,ar,880,2470,10,1052,52,1.35,52
f67e01e3-215f-4ad0-b687-648c28e7202c,srg-_,ar,881,2469,10,876,52,1.34,51
af73c8e9-88b8-4a25-b139-a1484d55aba7,deco_-,fi,882,2469,10,434,56,1.28,53
addc2aac-0e9b-4c28-bcd9-1c8b7542a89f,ber-_-,br,883,2469,10,1075,53,1.08,57
9ce7e771-0d2d-4ce3-b9b6-4c655a3b3d46,VolpatoKing,br,884,2469,10,474,57,1.22,50
6c5a5cbb-9e8e-456e-98cf-b451a6d023a4,kennycruz,br,885,2469,10,2469,55,1.13,45
d3a82ecb-77e5-4e60-8405-91767c17a83d,HappyHour,ar,886,2468,10,993,51,1.3,50
c48e5764-b7b1-4813-b7e9-5493310582e4,casperj3d,ar,887,2468,10,1697,51,1.31,56
83cfa438-c329-4983-9167-69f093b28293,VIANAA-,br,888,2468,10,724,58,1.28,54
4a127a2a-aeb9-4fcf-bccf-83bb41cad1fd,m0N33SY666,br,889,2468,10,328,54,1.29,43
2746489f-f780-4c6b-a9f3-8a7edb796163,21noa,cn,890,2468,10,424,68,1.62,46
0192152f-d577-4121-8917-2a0489b17d7e,pE3w,br,891,2468,10,374,57,1.38,57
c8e22bf1-d491-4c74-b869-15eb200fbc2c,-matizek-,ar,892,2467,10,2937,55,1.3,50
a359df98-869d-4b07-aacc-01069b15b0ed,dagestanii,ae,893,2467,10,1148,54,1.19,52
63ea72bf-53cf-4ac1-8c4b-5711b62f1680,MAT1NTA,br,894,2467,10,2676,54,1.15,44
451b3570-03df-4d01-9e4a-aad7d01d1145,SmollWallace,uy,895,2467,10,1408,55,1.52,56
0c44ad8c-b416-435c-8361-b2ee137a98f6,matz77,uy,896,2467,10,2852,50,1.09,56
72829dcb-21b8-4363-b38a-827a1ae37314,j-_-j,br,897,2466,10,393,57,1.19,48
20702eb9-f8cc-4c1d-b2a2-14144b793312,fedye-,fi,898,2466,10,1228,53,1.43,58
0bc73eed-3ef2-4551-b5f3-3f2200658cdd,reskky,br,899,2466,10,444,57,1.19,51
b5f26b5a-f942-46a4-bbed-e36783db2ebe,disbratiNado,br,900,2464,10,346,61,1.61,55
4077f1a4-b324-4a0f-995b-8a21779bb99f,fzn,br,901,2464,10,1346,52,1.33,41
16d6d3dd-9dbe-46e5-a80d-4da1654c14b6,quav,br,902,2464,10,341,57,1.3,56
d07ba60e-4076-451d-95c1-b3b3f70a3122,ddddDddd_-,br,903,2463,10,678,62,1.26,50
c8174bd9-2a29-4fe3-9173-49263997ff97,Cortinas1,br,904,2463,10,895,54,1.11,56
ac3de109-f0ec-484c-8a8e-fa6c7dd4eb91,refused-,ar,905,2463,10,2688,55,1.23,61
9b4da768-56af-485e-a407-eac7da2b5a41,fertoking,ar,906,2463,10,724,53,1.23,58
95c1837b-73ad-403a-9606-19c3c3a8e833,afterlai,ar,907,2463,10,3579,54,1.29,58
885489d2-1c0f-455d-b505-4a585971ea8a,Xavi666-,cl,908,2463,10,2038,53,1.12,55
65ca095c-8e08-4a14-8395-b5d7fa812bcd,-HAK1MI,ar,909,2463,10,3448,51,1.35,58
507cc88d-c24d-4e64-b7be-cc9d6c617c40,tgggggggg-_,br,910,2463,10,2669,53,1.09,52
fa5e31ba-ff1d-450e-aa90-3b1250d9903e,TUKITUKITUKI,cl,911,2462,10,1143,53,1.15,53
a39501d8-3272-4652-b89c-7dc67b7914a6,armyofone,br,912,2462,10,641,60,1.44,51
51a02b90-6e47-412d-9497-ed6af7cc0d75,pml_,br,913,2462,10,878,58,1.18,63
9c0dc21a-9d97-4393-98a1-ac3ed1285d26,mSx--,ar,914,2461,10,4998,50,1.07,46
42ea4577-33dd-473d-8b63-6200c4518a4c,Marcone-,br,915,2461,10,2336,50,1.08,43
13429cb0-55a3-4330-8337-d1e0f71ab11d,distao,br,916,2461,10,319,66,1.35,50
6c21d6c1-5225-45b4-99fb-2598d1a1e2b4,WTDppL-,br,917,2460,10,1650,55,1.18,47
67954022-5f21-4103-961a-4f2126d9e1b1,LangBST,br,918,2460,10,869,54,1.29,47
55535bcb-9318-4c66-a155-4f733103eb96,mozartt-,ar,919,2460,10,2359,52,1.13,51
15691657-2869-49ca-93c1-127bfe473d93,hotzkL,br,920,2460,10,533,54,1.2,54
cf66f040-b6fc-492c-bb51-8698c24ed91f,erkhan_,ar,921,2459,10,1754,51,1.11,50
e04ab24c-2fb3-4888-bb50-7e8bce0fec76,fox1w,br,922,2458,10,305,63,1.44,49
2e310481-0681-40ba-9123-5ec7896dcd00,JDK_54_75_4F,ar,923,2458,10,760,53,1.2,53
fcef8e6b-3cdb-48b0-a97e-42a173b98bb0,biitz-,br,924,2457,10,909,58,1.33,50
11928df7-92eb-4dba-b515-cef0dbea02ff,tonica_,br,925,2457,10,718,55,1.11,57
adcf1002-9356-429e-82df-6ae74c7ca95f,ViniBRr,br,926,2456,10,908,53,1.38,38
73371315-25d1-4217-89ab-fb79846ed3fc,flikzin-,br,927,2456,10,993,54,1.07,52
5fe49019-0f2d-48ea-bb07-b239c55f2d24,shrr,br,928,2456,10,2333,52,1.29,38
280b5541-de01-4c69-8b60-d1100f3220e2,mat1_-,ar,929,2456,10,2202,51,1.18,46
8558a542-421c-4b1b-8e95-6c02579ed7a9,CMito-,br,930,2455,10,280,59,1.15,55
12b130e6-076c-4cda-ac90-eafa6323d8e5,gts888,br,931,2455,10,495,54,1.5,45
f31e9eb5-c736-4c19-8c31-a8fac4f7ce74,flybestt63,br,932,2454,10,214,59,1.35,55
ee59c213-562b-41ee-a7b9-4c27e71da556,DANZK__,br,933,2454,10,841,53,1.23,46
00f89018-1938-45b1-a8cc-7df3549f3c07,HATZIVEN,cl,934,2454,10,2568,52,1.06,45
dad5c472-cc84-4523-a740-c63fefa081b1,AnyWay-_-,br,935,2453,10,299,56,1.23,48
d2b6a8ce-4727-4108-8810-d36a4b08642c,guszzz-,fk,936,2453,10,749,57,1.43,52
c21a057b-88c7-4e77-a30f-9fca076f9fdc,GONZAVV-,ar,937,2453,10,1812,51,1.25,51
8ea8a9c3-263c-429f-ab55-2cc533352081,Piervolino-,br,938,2453,10,2185,51,1.14,44
00435a5a-9e92-4a20-b11c-b0059e68b995,firezin_-,br,939,2453,10,1124,53,1.06,51
c7a8d704-f020-4054-95b7-657408f07c75,ChriiisZXV,se,940,2452,10,717,51,1.17,60
31b16da0-0178-4a8d-a88f-48f9e69e2551,j4oZxN,cl,941,2452,10,1554,51,1.17,50
ed76f070-540e-4e93-8de6-c4fa042e0497,thesmithsfan,cl,942,2451,10,1079,51,1.35,45
d7b1dd29-70f0-469c-914b-0a071359f2c5,financy-,br,943,2451,10,746,56,1.27,45
b85547ab-a919-4bf3-b82c-f5d0b817ea52,HenriqueM,br,944,2451,10,683,56,1.18,56
493837d8-e54e-49c5-ae7f-797f9560730a,Popecks,br,945,2451,10,598,55,1.2,48
45dba599-4cec-494c-8aa4-8a535f37ca3f,xXgryBOfEvil,br,946,2451,10,756,52,1.09,43
fb4d7d9d-405b-4f05-b084-c79fe26c0df8,zeithh,cl,947,2450,10,2420,54,1.3,43
a36a288c-3f13-46bd-a8aa-9294ae521714,jotazer9,br,948,2450,10,1781,55,1.08,46
46ad9c22-7cb8-46cc-a08c-cb12183b4e51,remakzera,br,949,2450,10,310,59,1.29,55
f5fab13b-e19f-4ba6-968e-c9a98a6666d1,ky0renn,cn,950,2449,10,374,55,1.12,54
ecb3dfcb-243d-48a8-a0a6-5cc0d213c952,sfd_d,br,951,2449,10,1038,61,1.48,51
e93b0833-6e84-4f10-b3ce-9cb487233a22,v7b,br,952,2449,10,655,58,1.12,51
982c4c63-5728-4a60-a5c3-fd3c5c75da43,Liivete,br,953,2449,10,507,56,1.52,42
83ff0437-b15c-4f08-a175-790f8499245c,xina,br,954,2449,10,797,54,1.19,49
386a1951-2734-4cbc-8421-558b073dbaca,_RavZ-,br,955,2449,10,1120,51,1.22,44
1188b7f0-197c-4ae2-9f5a-2935a019095f,nacho--,ar,956,2449,10,2433,50,1.04,55
fcdff9cf-c1fe-41bf-bf7c-adf88ba9c51d,Borzani,br,957,2447,10,947,51,1.22,40
ebbe10e5-496f-4d84-a078-1892d3afa989,thiago-w-,us,958,2447,10,455,61,1.6,45
e26e5897-2f22-49c6-b753-27e3637ef027,meet,br,959,2447,10,1869,52,1.02,61
d8205d79-3552-4e8a-a83a-c6506dcb6392,lmz1,br,960,2447,10,438,63,1.29,45
b6622144-707c-41ac-9aef-61257a9594b0,felisze,ar,961,2447,10,997,53,1.25,59
a3d77998-7146-43d3-9ada-d38e1dcf8e59,mty1,br,962,2446,10,1438,56,1.24,45
6366d516-99cb-4a4c-8f7a-4fc59530c12f,-AkZ-,br,963,2446,10,509,56,1.03,40
45aa6ecd-bf4e-46b5-875a-33d41ba01962,teuZOiD47-,br,964,2446,10,898,58,1.23,50
39be6c92-4868-4103-a0cb-aa7b888db369,vavalo,br,965,2446,10,845,56,1.13,44
dd8d911e-eef6-4fbb-a5a4-cdbd18686069,hatred--,br,966,2445,10,386,54,1.15,52
dbc4e42e-793b-442c-b34e-1820384fbcb7,FilezZzin,br,967,2445,10,682,60,1.27,39
907cdf17-4fde-40b8-b7da-716e641b8f99,dg0z,py,968,2445,10,998,54,1.12,55
45ee07a7-fbd6-415c-98c9-dad3c4e415b1,ooiralob,br,969,2445,10,1329,52,1.19,54
df7de9d7-178d-46f0-a658-3012c5c4a224,psyclon9,hm,970,2444,10,1850,52,1.07,47
b439e81b-57dc-402b-8ce2-3cd058daee16,spARK_--,br,971,2444,10,2307,55,1.15,52
a135e764-d855-436e-90e4-2693720cb5fa,gnarly-,ao,972,2444,10,281,56,1.03,55
7703905f-98dc-401b-9a31-8dc6fb9b24c4,ttoto-,ar,973,2444,10,299,57,1.3,47
4bf67bca-c7c1-4ac5-8d67-81e1cbfc111d,danzera-_-,br,974,2444,10,730,54,1.2,44
7f4470ff-2c40-44b9-8286-e0196fb6653d,--m1,br,975,2443,10,2450,50,1.06,54
6e0b15bc-db52-4c79-b329-1b1d64c0196d,jatz1,ar,976,2443,10,814,54,1.19,47
41355a9f-e7a8-4d91-9cd3-0803386a9d31,mathit,cl,977,2443,10,943,56,1.21,49
51620e9d-f98d-40c3-a8b4-f8299f005217,lsc-,ar,978,2442,10,145,65,1.9,52
7d84720e-80f9-4029-9c77-8a34204b3a31,-SileNt,ar,979,2441,10,1083,56,1.37,48
2ce96280-562b-4e03-be61-99bd95d2085a,BTN1,br,980,2441,10,984,54,1.14,49
dd467573-3594-4924-bf64-77df8bf4c275,pellizzaro,br,981,2440,10,825,57,1.16,50
d5e9185c-9aa5-473f-8729-fb2c763726c4,anywhere,br,982,2440,10,1609,52,1.15,46
c6ec117d-ec5f-42ad-843b-09ca2e82656b,TH-_,br,983,2440,10,2487,51,1.23,60
735fbf83-5de1-4848-826d-8ffc3be34488,Spirit_Souls,br,984,2440,10,649,53,1.06,43
4b69f21e-953b-4e60-bbcd-8448656d6c83,SUDAKAfraca,ar,985,2440,10,839,52,1.3,53
42859f46-f022-4243-a0e2-60d95f643b5b,BadStan,br,986,2440,10,1280,53,1.2,43
32d8240e-3da8-42e6-b6e0-b0253947ec8d,Konorovski,pl,987,2440,10,513,55,1.26,50
f90cadbf-ae55-4885-aac1-eaa367d5d830,oxepkchu,br,988,2439,10,272,68,1.26,46
d3e1d875-a336-48f7-a00e-9985a6ed5e3e,ELANTICONCHA,ar,989,2439,10,975,53,1.44,56
ba4b5bc6-ede7-4938-824d-d3f7227bc58b,ivanjks,ar,990,2439,10,1356,51,1.19,52
ae7719cb-250a-41f4-bf88-c4ad78db25d1,lbN,br,991,2439,10,2562,54,1.09,59
acb5e87a-13b9-4691-a369-f5d694352cd7,vezy-_,ru,992,2439,10,2886,51,1.2,52
79797ff7-c56c-499c-af92-f27dbc10977b,LUISX-,br,993,2439,10,1410,53,1.33,49
636ac617-f74b-4635-906b-c7c0f918a877,-_Carlin_-,br,994,2439,10,316,60,1.45,52
553ec2ec-d7ed-432c-a387-8a31304b3b85,frankye,kr,995,2439,10,3468,51,1.15,45
1f30c0d7-aa1c-4a6b-a275-d44fbea93682,uhul,br,996,2439,10,3982,69,1.26,59
197c982d-31b5-451f-9c57-8e12f2eaeac5,LANUEVAOLA,ar,997,2439,10,6457,54,1.14,51
073d6ad7-fbe4-4163-a4d8-4c704c2045fc,broke999,br,998,2439,10,445,57,1.35,43
f68aab06-ad85-48b2-a91d-2d2e93bd3fee,ONBRAINE,br,999,2438,10,707,53,1.09,47
5b7c50ae-f158-44f4-8378-ec6658fdcb4d,doom_212,br,1000,2438,10,719,54,1.33,45
